Name, No. Methods, LCOM, AVCC, NOS, HBUG, HEFF, UWCS, INST, PACK, RFC, CBO, MI, CCML, NLOC, RVF
"AbsoluteNameLocationStrategy",1,0.00,3.00,7,0.10,2394.70,1,0,3,1,6,130.31,18,16,13.00
"AbstractCombinerTest",4,0.11,1.00,19,0.24,5211.28,7,3,10,5,11,85.85,25,34,17.00
"AbstractConfiguration",111,0.12,1.42,467,5.72,188105.81,118,7,30,111,59,78.98,787,937,17.00
"AbstractConfiguration$EventListener<ConfigurationErrorEvent>",1,0.00,1.00,3,0.03,326.67,1,0,30,1,1,133.17,0,8,3.00
"AbstractEventListenerTestImpl",6,0.20,1.33,23,0.27,5297.19,8,2,5,6,5,93.50,36,43,5.00
"AbstractHierarchicalConfiguration",37,0.46,1.51,180,2.47,90347.26,39,2,24,37,20,72.80,397,345,22.00
"AbstractHierarchicalConfiguration$DefinedKeysVisitor",6,0.20,1.33,26,0.30,7101.56,8,2,24,6,2,92.62,35,46,9.00
"AbstractHierarchicalConfiguration$DefinedVisitor",3,0.50,1.00,8,0.09,1838.62,4,1,24,3,2,84.83,24,21,24.00
"AbstractImmutableNodeHandler",14,0.00,1.21,38,0.56,13269.77,14,0,4,14,8,164.58,33,89,15.00
"AbstractImmutableNodeHandlerTest",26,0.00,1.19,136,2.33,71252.57,26,0,12,26,6,127.14,91,261,23.00
"AbstractImmutableNodeHandlerTest$DummyNodeMatcher",1,0.00,1.00,3,0.04,612.77,1,0,12,1,2,151.64,3,7,5.00
"AbstractImmutableNodeHandlerTest$NodeMatcher<ImmutableNode>",1,0.00,1.00,4,0.06,1291.90,1,0,12,1,2,123.81,0,10,7.00
"AbstractListDelimiterHandler",8,0.00,2.00,36,0.57,27938.54,8,0,5,8,6,79.79,95,73,16.00
"AbstractMultiFileConfigurationBuilderTest",5,0.25,1.20,18,0.19,3417.19,8,3,5,5,7,85.36,35,42,14.00
"AbstractTestConfigurationEvents",10,0.42,1.00,64,0.69,10524.91,15,5,3,10,9,105.87,46,105,10.00
"AbstractTestPListEvents",2,1.00,1.00,13,0.14,1962.68,4,2,3,2,4,74.60,14,27,6.00
"AbstractXPathTest",6,0.07,1.83,49,0.54,20288.12,14,8,9,6,7,60.66,48,71,11.00
"AbstractYAMLBasedConfiguration",9,0.00,2.00,60,0.82,33295.87,9,0,9,9,7,61.93,78,101,14.00
"AlwaysReloadingDetector",2,0.00,1.00,4,0.02,146.96,2,0,0,2,3,119.28,11,12,1.00
"AppletConfiguration",3,0.50,1.33,15,0.17,7475.66,4,1,3,3,2,105.67,14,24,7.00
"AutoSaveListener",7,0.00,1.57,26,0.24,4305.94,11,4,7,8,7,78.19,68,57,11.00
"BaseConfiguration",10,0.11,1.50,44,0.58,21573.32,11,1,7,11,31,74.68,75,95,9.00
"BaseConfigurationBuilderProvider",16,0.09,1.56,76,0.97,28209.49,21,5,11,16,14,79.59,186,159,15.00
"BaseConfigurationXMLReader",6,0.80,1.00,17,0.10,949.15,7,1,0,6,3,97.16,40,33,3.00
"BaseConfigurationXMLReader$SAXConverter",2,0.00,1.50,7,0.06,1005.81,2,0,0,2,1,80.98,16,17,3.00
"BaseEventSource",17,0.06,1.53,65,0.86,23091.89,20,3,4,18,11,75.14,166,142,12.00
"BaseHierarchicalConfiguration",33,0.97,1.42,173,2.18,71024.79,34,1,24,33,56,69.60,263,339,18.00
"BaseHierarchicalConfiguration$BaseHierarchicalConfiguration",2,0.00,1.00,5,0.04,599.36,2,0,24,2,1,181.19,1,13,3.00
"BaseHierarchicalConfiguration$BuilderVisitor",5,0.00,2.60,36,0.49,39071.84,5,0,24,5,4,67.35,58,72,26.00
"BaseHierarchicalConfiguration$EventListener<ConfigurationEvent>",1,0.00,1.00,3,0.02,175.66,1,0,24,1,1,135.30,0,8,1.00
"BaseHierarchicalConfiguration$InterpolatedVisitor",13,0.25,1.38,51,0.74,21141.56,15,2,24,13,3,91.98,77,116,15.00
"BaseNonStringProperties",23,0.00,1.00,66,0.70,10601.48,25,2,3,24,4,163.14,4,137,12.00
"BasePathLocationStrategy",1,0.00,3.00,7,0.10,1944.30,1,0,3,1,6,146.27,20,18,13.00
"BaseWebConfiguration",5,0.00,1.20,14,0.17,4156.48,5,0,2,5,5,82.57,50,33,13.00
"BasicBuilderParameters",29,0.03,1.76,138,1.83,61124.69,41,12,13,29,34,69.20,267,300,19.00
"BasicBuilderProperties",11,0.00,1.00,12,1.64,28398.13,11,0,10,11,19,97.87,120,14,0.00
"BasicConfigurationBuilder",36,0.08,1.56,157,1.87,46937.28,42,6,20,36,43,74.83,371,295,15.00
"BasicConfigurationBuilder$BeanDeclaration",6,0.00,1.00,13,0.10,1175.49,6,0,20,6,1,184.96,3,33,5.00
"BeanCreationContext",5,0.00,1.00,6,0.23,3371.02,5,0,0,5,9,106.76,33,8,0.00
"BeanCreationTestBean",6,0.20,1.00,16,0.09,956.29,9,3,0,6,6,185.45,4,30,0.00
"BeanCreationTestBeanWithListChild",6,0.13,1.00,17,0.12,1591.84,9,3,2,7,3,184.33,5,31,0.00
"BeanCreationTestCtorBean",4,0.00,1.00,9,0.05,445.35,4,0,0,4,2,191.52,4,19,0.00
"BeanDeclaration",6,0.00,1.00,7,0.32,4279.34,6,0,2,6,19,95.87,53,9,0.00
"BeanDeclarationTestImpl",12,0.08,1.00,31,0.25,3258.06,18,6,2,12,4,182.79,7,64,0.00
"BeanFactory",2,0.00,1.00,3,0.05,577.00,2,0,0,2,6,100.70,22,5,0.00
"BeanHelper",23,0.12,2.26,140,1.94,93379.86,27,4,19,25,25,71.86,265,288,23.00
"BeanHelper$BeanCreationContextImpl",6,0.00,1.00,20,0.17,3002.17,10,4,19,6,3,169.89,12,40,4.00
"BuilderConfigurationWrapperFactory",6,0.80,1.50,23,0.32,12631.56,7,1,6,6,8,105.80,86,55,13.00
"BuilderConfigurationWrapperFactory$BuilderConfigurationWrapperInvocationHandler",4,0.17,1.25,15,0.22,5010.15,6,2,6,4,3,89.26,49,36,8.00
"BuilderConfigurationWrapperFactory$EventSourceSupport",0,0.00,0.00,1,0.01,15.51,0,0,6,0,0,171.00,34,6,0.00
"BuilderEventListenerImpl",4,0.17,1.25,18,0.21,5071.27,6,2,8,5,8,77.78,29,36,7.00
"BuilderParameters",1,1.00,1.00,3,0.03,273.15,2,1,1,1,37,142.92,17,5,0.00
"CatalogResolver",12,0.04,1.50,58,0.71,25096.91,19,7,17,13,10,69.12,105,108,17.00
"CatalogResolver$Catalog",3,0.00,5.33,62,0.92,50481.77,5,2,17,4,3,37.66,26,118,71.00
"CatalogResolver$CatalogManager",8,0.07,1.50,32,0.31,8609.35,12,4,17,9,2,92.10,48,63,5.00
"ClasspathLocationStrategy",1,0.00,1.00,3,0.05,954.47,1,0,2,1,6,138.64,17,9,49.00
"CombinedBeanDeclaration",7,0.00,2.71,60,0.54,21529.41,8,1,7,7,4,59.22,69,90,10.00
"CombinedBuilderParameters",0,0.00,0.00,1,0.01,108.00,0,0,3,0,6,171.00,0,5,0.00
"CombinedBuilderParametersImpl",24,0.03,1.38,94,1.00,24299.25,32,8,13,24,17,75.08,209,193,13.00
"CombinedBuilderProperties",8,0.00,1.00,9,1.33,27138.70,8,0,5,8,7,107.42,100,14,0.00
"CombinedConfiguration",35,0.03,1.97,244,2.29,64442.25,44,9,25,38,40,77.34,427,470,15.00
"CombinedConfiguration$ConfigData",10,0.00,1.30,51,0.58,16167.72,15,5,25,10,5,73.93,74,98,13.00
"CombinedConfigurationBuilder",42,0.00,1.88,292,4.28,161778.53,92,50,40,47,51,99.85,627,587,100.00
"CombinedConfigurationBuilder$ConfigurationSourceData",13,0.07,1.85,86,1.11,43339.48,20,7,40,13,9,65.87,99,154,17.00
"CombinedConfigurationBuilder$ConfigurationSourceData$EventListener<ConfigurationBuilderEvent>",1,0.00,1.00,3,0.02,139.81,1,0,40,1,1,136.08,0,8,1.00
"CombinedConfigurationBuilder$EventListener<ConfigurationBuilderEvent>",1,0.00,1.00,5,0.03,439.66,1,0,40,1,2,123.88,0,12,2.00
"CombinedConfigurationBuilderProvider",4,0.07,1.25,21,0.30,6841.50,9,5,7,4,9,74.26,44,54,25.00
"CombinedLocationStrategy",3,0.50,2.33,19,0.17,5042.18,4,1,4,3,6,108.11,46,39,6.00
"CombinedReloadingController",5,0.00,1.60,25,0.22,7909.84,8,3,3,6,6,103.10,72,47,6.00
"CombinedReloadingController$MultiReloadingControllerDetector",3,0.00,2.00,19,0.11,2036.27,4,1,3,3,3,71.71,23,30,4.00
"CompositeConfiguration",27,0.04,2.41,203,1.95,66699.75,30,3,10,28,11,62.43,220,364,17.00
"Configuration",8,0.00,1.00,9,0.90,17878.28,8,0,5,8,95,104.92,96,12,0.00
"ConfigurationAssert",10,0.22,1.60,51,0.60,17610.85,14,4,12,11,55,72.40,76,80,10.00
"ConfigurationAttributePointer",14,0.38,1.07,35,0.33,5367.19,16,2,7,14,5,93.27,98,86,9.00
"ConfigurationBuilder",1,0.00,1.00,2,0.03,338.28,1,0,3,1,27,91.52,8,4,0.00
"ConfigurationBuilderEvent",2,3.00,1.00,8,0.12,3307.85,5,3,2,3,19,166.91,44,20,7.00
"ConfigurationBuilderProvider",1,0.00,1.00,2,0.02,289.00,1,0,3,1,10,91.68,10,6,0.00
"ConfigurationBuilderResultCreatedEvent",2,0.00,1.50,10,0.10,2437.73,4,2,2,3,10,156.78,41,25,0.00
"ConfigurationComparator",1,0.00,1.00,2,0.01,86.26,1,0,0,1,5,96.19,8,4,0.00
"ConfigurationConsumer",1,0.00,1.00,2,0.02,228.96,1,0,1,1,6,108.74,6,4,0.00
"ConfigurationConverter",6,1.00,1.67,35,0.39,17241.72,7,1,6,6,10,65.66,50,65,18.00
"ConfigurationDeclaration",10,0.89,1.20,30,0.38,10140.93,11,1,3,10,14,79.74,85,76,17.00
"ConfigurationDecoder",1,0.00,1.00,2,0.01,68.50,1,0,0,1,7,95.09,9,4,0.00
"ConfigurationDynaBean",11,0.30,2.82,79,1.17,49198.55,13,2,10,12,6,111.69,43,154,25.00
"ConfigurationDynaClass",5,0.12,4.00,52,0.68,35484.53,7,2,9,6,2,126.53,14,98,24.00
"ConfigurationErrorEvent",5,0.06,1.00,23,0.23,5366.38,13,8,0,6,19,146.91,94,41,0.00
"ConfigurationEvent",4,0.03,1.00,25,0.35,10158.20,17,13,0,5,40,132.85,133,47,0.00
"ConfigurationException",4,1.00,1.00,10,0.06,510.14,5,1,0,4,114,92.31,31,20,0.00
"ConfigurationInterpolator",25,0.00,1.60,116,1.05,30602.14,35,10,12,26,27,79.47,284,203,18.00
"ConfigurationInterpolator$StringLookup",1,0.00,1.00,4,0.04,1229.85,1,0,11,1,0,123.98,0,9,3.00
"ConfigurationLogger",16,0.93,1.12,38,0.31,4824.27,17,1,3,16,18,89.34,127,77,8.00
"ConfigurationLookup",3,0.50,1.33,10,0.07,1015.32,4,1,1,3,7,87.14,33,22,3.00
"ConfigurationMap",5,0.25,1.00,15,0.16,2899.93,6,1,5,5,6,89.48,57,78,7.00
"ConfigurationMap$ConfigurationSet",3,1.00,1.33,15,0.13,2711.65,4,1,5,3,1,128.23,11,24,7.00
"ConfigurationMap$ConfigurationSet$ConfigurationSetIterator",4,0.00,1.00,10,0.09,1387.05,5,1,5,4,0,185.92,4,23,4.00
"ConfigurationMap$ConfigurationSet$Entry",4,0.33,1.00,12,0.10,1551.79,5,1,5,4,0,182.59,4,25,6.00
"ConfigurationNodeIteratorAttribute",5,0.08,1.80,28,0.43,16984.78,8,3,7,5,4,66.77,40,60,10.00
"ConfigurationNodeIteratorBase",14,0.08,1.14,40,0.40,8005.41,20,6,5,14,3,86.73,104,79,21.00
"ConfigurationNodeIteratorChildren",7,0.67,2.86,59,0.75,29454.90,8,1,10,7,3,57.32,62,106,14.00
"ConfigurationNodePointer",18,0.20,1.22,57,0.57,12521.82,21,3,8,18,11,86.11,129,121,12.00
"ConfigurationNodePointerFactory",4,1.00,1.50,16,0.25,7466.85,5,1,5,4,5,112.08,60,38,13.00
"ConfigurationNodePointerFactory$NodeWrapper",3,0.25,1.00,10,0.06,786.28,5,2,5,3,1,84.12,24,18,0.00
"ConfigurationNodeVisitor",3,0.00,1.00,4,0.13,2091.01,3,0,0,3,5,94.57,25,6,0.00
"ConfigurationNodeVisitorAdapter",3,0.00,1.00,5,0.06,661.86,3,0,0,3,5,97.41,23,17,3.00
"ConfigurationPropertiesFactoryBean",14,0.08,1.43,51,0.48,13965.27,18,4,11,14,5,126.35,56,91,14.00
"ConfigurationPropertySource",4,0.00,1.25,13,0.16,3899.27,4,0,5,4,2,176.96,3,27,7.00
"ConfigurationRuntimeException",5,1.00,1.00,12,0.08,890.88,6,1,0,5,45,90.76,40,24,0.00
"ConfigurationUtils",24,0.16,2.08,125,1.68,59175.27,29,5,18,26,32,86.24,308,266,18.00
"ConfigurationUtils$EventListener<ConfigurationErrorEvent>",1,0.00,1.00,3,0.03,390.86,1,0,18,1,2,182.56,1,9,3.00
"ConfigurationUtils$EventSource",2,0.00,1.00,4,0.08,1437.01,2,0,18,2,2,137.05,0,14,7.00
"ConfigurationXMLReader",24,0.07,1.38,68,0.60,10573.11,30,6,10,25,2,94.37,158,155,12.00
"Configurations",41,0.97,1.00,84,1.08,19302.76,42,1,10,41,14,90.36,419,188,14.00
"ConstantLookup",4,0.00,2.25,32,0.38,15647.37,7,3,6,6,2,117.64,68,64,18.00
"ConstructorArg",11,0.17,1.27,39,0.37,9470.27,14,3,0,11,12,85.13,125,72,12.00
"ConversionException",4,1.00,1.00,10,0.06,510.14,5,1,0,4,9,91.24,32,20,0.00
"ConversionHandler",3,0.00,1.00,4,0.24,5295.24,3,0,3,3,11,136.79,47,7,0.00
"CopyObjectDefaultHandler",3,0.50,1.67,13,0.12,2352.14,4,1,2,3,8,139.29,53,32,7.00
"DataConfiguration",97,0.16,1.05,232,2.98,67135.41,102,5,16,98,7,90.25,1069,487,14.00
"DataConfiguration$DataConversionHandler",1,0.00,3.00,8,0.09,2348.08,1,0,16,1,1,128.21,18,18,6.00
"DatabaseBuilderParameters",0,0.00,0.00,1,0.01,108.00,0,0,3,0,7,171.00,0,5,0.00
"DatabaseBuilderParametersImpl",7,0.00,1.00,29,0.24,3058.32,14,7,1,7,5,141.66,23,54,5.00
"DatabaseBuilderProperties",7,0.00,1.00,8,0.50,8445.74,7,0,1,7,1,96.23,56,10,0.00
"DatabaseConfiguration",27,0.06,1.52,94,1.88,64038.54,39,12,18,27,10,76.41,278,186,15.00
"DatabaseConfiguration$JdbcOperation",7,0.17,1.71,48,0.50,13721.32,14,7,18,7,2,71.94,80,84,8.00
"DatabaseConfiguration$JdbcOperation<Boolean>",1,0.00,1.00,4,0.05,910.01,1,0,18,1,1,125.01,0,13,5.00
"DatabaseConfiguration$JdbcOperation<Collection<String>>",1,0.00,2.00,6,0.08,2096.11,1,0,18,1,1,115.36,0,17,8.00
"DatabaseConfiguration$JdbcOperation<Integer>",1,0.00,1.00,4,0.07,1613.50,1,0,18,1,1,123.05,0,13,8.00
"DatabaseConfiguration$JdbcOperation<Object>",1,0.00,4.00,14,0.19,7980.41,1,0,18,1,1,146.60,1,28,9.00
"DatabaseConfiguration$JdbcOperation<Void>",1,0.00,4.00,17,0.23,8990.69,1,0,18,1,2,93.05,0,32,9.00
"DatabaseConfiguration$JdbcOperation<Void>_0",1,0.00,1.00,5,0.06,972.52,1,0,18,1,2,121.17,0,14,5.00
"DatabaseConfiguration$JdbcOperation<Void>_1",1,0.00,1.00,4,0.04,432.19,1,0,18,1,2,127.56,0,11,5.00
"DatabaseConfigurationTestHelper",13,0.03,1.31,61,0.72,14513.81,26,13,16,13,10,71.66,118,118,19.00
"DefaultBeanFactory",15,0.26,1.67,79,1.08,38774.68,18,3,8,16,12,69.79,156,147,15.00
"DefaultConfigurationKey",28,0.20,1.75,122,1.63,53050.95,31,3,3,28,8,73.42,220,263,28.00
"DefaultConfigurationKey$KeyIterator",20,0.03,1.80,102,1.10,39148.17,26,6,3,20,0,68.59,172,203,19.00
"DefaultConversionHandler",16,0.16,1.69,82,1.35,50041.27,21,5,7,18,17,83.49,201,157,27.00
"DefaultConversionHandler$ConfigurationInterpolator",1,0.00,1.00,3,0.01,236.11,1,0,7,1,0,134.28,0,8,2.00
"DefaultEntityResolver",3,1.00,2.33,22,0.28,9297.23,4,1,9,4,1,110.22,48,45,13.00
"DefaultExpressionEngine",13,0.22,2.23,79,1.45,60529.27,16,3,4,14,24,152.07,274,181,20.00
"DefaultExpressionEngineSymbols",11,0.05,1.18,46,0.57,13622.89,24,13,3,11,12,73.60,94,99,49.00
"DefaultExpressionEngineSymbols$Builder",9,0.06,1.00,35,0.22,2690.06,15,6,3,9,1,79.50,78,55,3.00
"DefaultFileSystem",9,0.00,3.78,86,1.10,51320.91,9,0,11,9,8,133.62,23,198,18.00
"DefaultFileSystem$HttpOutputStream",8,0.07,1.12,21,0.23,4170.26,10,2,11,8,1,182.59,6,49,11.00
"DefaultListDelimiterHandler",5,0.00,3.20,58,0.65,41027.97,8,3,4,5,35,89.38,75,92,39.00
"DefaultLookups",3,0.25,1.00,10,0.54,10021.35,5,2,1,21,7,76.05,139,45,0.00
"DefaultParametersHandler",1,0.00,1.00,2,0.02,166.86,1,0,0,1,8,104.48,12,4,0.00
"DefaultParametersManager",6,0.40,2.00,30,0.32,8359.77,7,1,3,6,8,149.68,117,57,9.00
"DefaultParametersManager$DefaultHandlerData",3,0.83,1.33,14,0.19,4351.37,6,3,3,3,2,78.69,34,31,25.00
"DefaultReloadingDetectorFactory",1,0.00,1.00,6,0.09,2782.88,1,0,4,1,8,70.49,11,17,11.00
"DisabledListDelimiterHandler",3,1.00,1.00,10,0.12,2531.97,4,1,3,4,16,101.83,40,23,6.00
"DummyLookup",1,0.00,1.00,3,0.02,191.63,1,0,0,1,3,174.30,21,9,2.00
"DynamicCombinedConfiguration",84,0.08,1.25,295,3.32,68058.70,92,8,22,88,15,153.91,228,605,13.00
"DynamicCombinedConfiguration$ConfigData",4,0.11,1.00,14,0.07,806.50,7,3,22,4,1,88.19,29,24,0.00
"DynamicCombinedConfiguration$ConfigurationInterpolator",1,0.00,1.00,3,0.03,458.69,1,0,22,1,1,132.01,0,10,5.00
"DynamicCombinedConfiguration$CurrentConfigHolder",6,0.07,1.00,16,0.08,711.99,9,3,22,6,1,97.63,41,31,1.00
"EntityRegistry",2,0.00,1.00,3,0.05,545.36,2,0,2,2,0,124.88,28,5,0.00
"EntityResolverSupport",2,0.00,1.00,3,0.03,202.53,2,0,1,2,0,148.64,8,5,0.00
"EnvironmentConfiguration",4,0.00,1.00,9,0.09,1013.10,4,0,1,4,2,93.26,43,22,4.00
"EnvironmentLookup",1,0.00,1.00,3,0.02,353.20,1,0,0,1,1,169.94,30,8,4.00
"ErrorListenerTestImpl",2,0.00,1.00,9,0.12,2851.28,2,0,1,2,7,73.09,20,18,12.00
"Event",4,0.00,1.25,22,0.26,5565.77,8,4,1,5,20,98.20,56,37,8.00
"EventListener",1,0.00,1.00,2,0.02,250.84,1,0,0,1,37,96.52,11,4,0.00
"EventListenerList",13,0.42,1.62,56,0.84,31723.80,14,1,9,13,11,72.88,134,114,17.00
"EventListenerList$EventListenerIterator",9,0.00,1.44,38,0.46,10518.47,13,4,9,9,4,98.41,49,80,13.00
"EventListenerList$Iterable<EventListener<?superT>>",1,0.00,1.00,3,0.03,367.87,1,0,9,1,1,132.77,0,8,3.00
"EventListenerParameters",5,0.25,1.00,14,0.14,2466.43,6,1,7,5,10,88.75,55,31,6.00
"EventListenerProvider",1,0.00,1.00,2,0.01,40.30,1,0,1,1,2,98.79,8,4,0.00
"EventListenerRegistrationData",5,0.17,1.80,26,0.28,8994.31,8,3,0,5,13,68.30,46,52,8.00
"EventListenerTestImpl",2,0.00,1.00,8,0.11,2104.89,2,0,1,2,13,76.04,20,15,8.00
"EventSource",2,0.00,1.00,3,0.13,2983.13,2,0,0,2,7,95.08,22,7,0.00
"EventType",6,0.05,1.50,28,0.31,9938.89,10,4,3,6,37,86.71,75,51,10.00
"ExprLookup",15,0.02,1.33,62,0.56,14003.87,25,10,12,16,5,75.01,126,110,9.00
"ExprLookup$StringLookup",1,0.00,1.00,4,0.05,1284.32,1,0,11,1,0,123.83,0,9,4.00
"ExprLookup$Variable",6,0.30,1.50,25,0.25,12988.71,8,2,12,6,1,171.27,6,51,2.00
"ExprLookup$Variables",3,1.00,1.00,8,0.06,714.18,4,1,12,3,0,113.05,16,16,41.00
"ExpressionEngine",5,0.00,1.00,6,0.64,16048.37,5,0,1,5,22,116.27,68,8,0.00
"FileBased",2,0.00,1.00,3,0.06,534.29,2,0,4,2,6,96.61,20,5,0.00
"FileBasedBuilderParameters",0,0.00,0.00,1,0.01,108.00,0,0,3,0,12,171.00,0,6,0.00
"FileBasedBuilderParametersImpl",21,0.10,1.33,82,0.86,23884.36,27,6,6,21,41,105.15,107,169,13.00
"FileBasedBuilderProperties",10,0.00,1.00,11,1.12,15127.18,10,0,4,10,12,105.40,66,13,0.00
"FileBasedConfiguration",0,0.00,0.00,1,0.00,11.61,0,0,1,0,18,171.00,0,3,0.00
"FileBasedConfigurationBuilder",18,0.12,1.83,94,1.02,37990.95,22,4,11,18,33,67.63,161,181,15.00
"FileExtensionConfigurationBuilderProvider",6,0.07,1.83,33,0.34,10802.75,9,3,4,6,6,90.93,80,63,22.00
"FileHandler",76,0.13,1.58,311,3.60,94173.56,82,6,23,78,71,73.85,650,650,17.00
"FileHandler$SynchronizerSupport",4,0.00,1.00,6,0.05,399.71,4,0,23,4,3,148.45,0,20,3.00
"FileHandler$Updater",1,0.00,1.00,4,0.03,376.44,1,0,23,1,0,128.03,0,9,4.00
"FileHandler$Updater_0",1,0.00,1.00,4,0.03,376.44,1,0,23,1,0,128.03,0,9,4.00
"FileHandler$Updater_1",1,0.00,1.00,3,0.03,448.00,1,0,23,1,0,132.09,0,8,5.00
"FileHandler$Updater_2",1,0.00,1.00,4,0.04,483.55,1,0,23,1,0,127.17,0,9,5.00
"FileHandler$Updater_3",1,0.00,1.00,3,0.03,448.00,1,0,23,1,0,132.09,0,8,5.00
"FileHandler$Updater_4",1,0.00,1.00,3,0.02,276.30,1,0,23,1,0,133.75,0,8,3.00
"FileHandler$Updater_5",1,0.00,1.00,3,0.02,276.30,1,0,23,1,0,133.75,0,8,3.00
"FileHandler$Updater_6",1,0.00,1.00,3,0.02,243.67,1,0,23,1,0,134.18,0,8,3.00
"FileHandler$Updater_7",2,0.00,1.50,10,0.09,1935.95,2,0,23,2,2,72.59,20,17,5.00
"FileHandlerListener",5,0.00,1.00,6,0.20,2850.34,5,0,0,5,2,113.89,30,8,0.00
"FileHandlerListenerAdapter",5,0.00,1.00,6,0.06,423.24,5,0,0,5,3,177.35,14,23,3.00
"FileHandlerReloadingDetector",13,0.07,1.54,53,0.49,12318.63,19,6,5,13,9,75.53,128,104,11.00
"FileLocationStrategy",1,0.00,1.00,2,0.01,77.11,1,0,1,1,16,153.81,17,4,0.00
"FileLocator",11,0.03,1.18,39,0.47,12268.36,17,6,5,11,32,76.84,106,85,39.00
"FileLocator$FileLocatorBuilder",9,0.06,1.11,37,0.24,3128.87,15,6,5,9,3,80.66,70,59,6.00
"FileLocatorAware",1,0.00,1.00,2,0.01,58.06,1,0,0,1,4,108.09,12,4,0.00
"FileLocatorUtils",24,0.03,2.12,134,1.83,61252.36,34,10,11,26,30,90.19,322,280,24.00
"FileOptionsProvider",1,6.00,1.00,8,0.11,1156.43,7,6,1,1,2,144.87,31,10,0.00
"FileSystem",12,0.24,1.00,21,0.18,2033.05,15,3,6,13,36,181.15,26,31,8.00
"FileSystemLocationStrategy",1,0.00,1.00,3,0.04,593.46,1,0,1,1,6,149.27,18,9,6.00
"FileURLStreamHandler",1,0.00,1.00,4,0.12,3488.60,1,0,9,1,1,102.54,5,8,9.00
"FileURLStreamHandler$URLConnection",3,0.00,1.00,6,0.05,528.21,3,0,9,3,0,141.86,0,16,4.00
"FileUtils",2,1.00,4.50,32,0.48,36018.43,3,1,4,3,1,130.84,42,41,51.00
"FindNodeVisitor",5,0.12,1.20,14,0.10,1364.13,7,2,2,5,3,100.28,31,30,2.00
"HierarchicalBuilderParameters",0,0.00,0.00,1,0.02,162.30,0,0,4,0,7,171.00,0,7,0.00
"HierarchicalBuilderParametersImpl",2,0.00,1.00,8,0.08,1196.43,3,1,2,2,9,79.83,21,19,4.00
"HierarchicalBuilderProperties",1,0.00,1.00,2,0.02,166.86,1,0,1,1,4,99.75,7,4,0.00
"HierarchicalConfiguration",9,0.00,1.00,10,1.62,55971.96,9,0,4,9,49,145.17,150,15,0.00
"HierarchicalConfigurationConverter",7,0.00,2.29,59,0.71,26050.43,7,0,9,7,3,69.21,83,83,18.00
"HierarchicalConfigurationXMLReader",6,0.80,1.00,16,0.14,2041.16,7,1,5,6,7,86.84,48,36,27.00
"HierarchicalConfigurationXMLReader$SAXVisitor",5,1.00,1.60,24,0.30,9294.02,6,1,5,5,2,72.21,39,44,9.00
"HomeDirectoryLocationStrategy",8,0.14,1.38,28,0.27,4583.59,11,3,3,8,7,79.52,78,57,9.00
"HsqlDB",5,0.00,2.00,34,0.45,14028.32,7,2,8,6,1,161.63,4,65,8.00
"INIBuilderParameters",0,0.00,0.00,1,0.02,221.46,0,0,5,0,7,171.00,0,7,0.00
"INIBuilderParametersImpl",4,0.22,1.00,18,0.15,2534.85,7,3,1,4,4,110.68,19,36,4.00
"INIBuilderProperties",3,0.00,1.00,6,0.15,3905.41,3,0,0,3,1,85.86,25,12,0.00
"INIConfiguration",29,0.08,2.41,260,3.14,180856.19,37,8,22,30,18,105.23,466,541,27.00
"INIConfiguration$GlobalSectionNodeModel",2,0.00,2.50,5,0.59,80207.35,2,0,22,2,6,77.04,14,12,14.00
"INIConfiguration$GlobalSectionNodeModel$NodeHandlerDecorator<ImmutableNode>",7,0.00,1.43,30,0.42,15513.81,7,0,22,7,2,168.46,10,67,7.00
"ImmutableConfiguration",48,0.00,1.00,49,42.07,2769911.41,48,0,6,48,17,95.38,576,54,0.00
"ImmutableConfigurationInvocationHandler",3,0.50,2.00,14,0.15,4126.03,4,1,4,3,2,113.82,46,34,8.00
"ImmutableConfigurationInvocationHandler$ImmutableIterator",4,0.33,1.00,10,0.08,1009.98,5,1,4,4,0,107.98,23,24,2.00
"ImmutableHierarchicalConfiguration",7,0.00,1.00,8,0.53,11152.12,7,0,2,7,8,126.01,100,12,0.00
"ImmutableNode",19,0.14,1.53,90,0.94,25795.42,23,4,7,19,104,71.55,159,152,11.00
"ImmutableNode$Builder",17,0.01,1.71,78,0.65,14573.88,23,6,7,17,1,73.08,147,138,10.00
"InMemoryNodeModel",56,0.36,1.77,305,5.55,206635.21,58,2,12,58,47,66.07,550,708,25.00
"InMemoryNodeModel$ConfigurationNodeVisitorAdapter<ImmutableNode>",1,0.00,2.00,7,0.05,1212.97,1,0,12,1,2,114.73,0,12,6.00
"InMemoryNodeModel$TransactionInitializer",1,0.00,1.00,2,0.01,58.06,1,0,12,1,1,95.65,9,4,0.00
"InMemoryNodeModel$TransactionInitializer_0",1,0.00,4.00,13,0.28,11994.58,1,0,12,1,1,96.41,0,35,49.00
"InMemoryNodeModel$TransactionInitializer_1",1,0.00,2.00,10,0.16,5996.38,1,0,12,1,1,103.49,0,24,6.00
"InMemoryNodeModel$TransactionInitializer_2",1,0.00,4.00,19,0.24,11082.47,1,0,12,1,1,140.53,1,34,6.00
"InMemoryNodeModel$TransactionInitializer_3",1,0.00,1.00,4,0.06,1309.86,1,0,12,1,1,123.76,0,11,4.00
"InMemoryNodeModel$TransactionInitializer_4",1,0.00,5.00,15,0.22,7738.65,1,0,12,1,1,95.36,0,33,6.00
"InMemoryNodeModel$TransactionInitializer_5",1,0.00,1.00,2,0.01,58.06,1,0,12,1,1,95.65,9,4,0.00
"InMemoryNodeModelSupport",1,0.00,1.00,2,0.02,252.51,1,0,0,1,8,140.86,4,6,0.00
"Initializable",1,0.00,1.00,2,0.01,40.30,1,0,0,1,3,114.68,6,4,0.00
"InputStreamSupport",1,0.00,1.00,2,0.02,108.55,1,0,3,1,3,95.41,8,4,0.00
"InterpolationTestHelper",12,0.00,1.67,112,1.61,51888.50,12,0,10,12,9,74.61,71,175,13.00
"InterpolationTestHelper$Lookup",1,0.00,1.00,3,0.02,266.51,1,0,11,1,0,133.87,0,8,2.00
"InterpolatorSpecification",5,0.19,1.00,18,0.14,2385.93,9,4,6,5,9,99.54,65,34,0.00
"InterpolatorSpecification$Builder",10,0.00,1.60,52,0.39,8264.51,14,4,6,10,3,71.64,84,81,8.00
"JNDIConfiguration",19,0.14,2.21,120,1.58,68336.21,23,4,16,20,7,63.82,156,254,20.00
"JSONConfiguration",5,0.00,1.40,19,0.28,5055.73,7,2,10,7,7,95.70,29,47,21.00
"JndiBuilderParameters",0,0.00,0.00,1,0.01,108.00,0,0,3,0,5,171.00,0,5,0.00
"JndiBuilderParametersImpl",2,0.00,1.00,9,0.07,878.56,4,2,1,2,5,81.47,22,18,3.00
"JndiBuilderProperties",2,0.00,1.00,3,0.05,531.41,2,0,1,2,1,107.31,13,5,0.00
"LegacyListDelimiterHandler",9,0.06,2.67,76,0.99,57410.96,13,4,6,9,8,62.37,100,140,28.00
"ListDelimiterHandler",4,1.00,1.00,6,0.32,6591.21,5,1,2,4,33,116.35,55,8,0.00
"ListDelimiterHandler$ValueTransformer",1,0.00,1.00,3,0.01,236.11,1,0,2,1,0,134.28,0,8,2.00
"LockMode",0,0.00,0.00,1,0.00,11.61,0,0,0,0,8,171.00,26,5,0.00
"Logging",15,0.02,1.00,44,0.46,5282.27,18,3,6,15,0,86.01,117,97,10.00
"Lookup",1,0.00,1.00,2,0.01,58.06,1,0,0,1,19,97.17,10,4,0.00
"ManagedReloadingDetector",3,0.25,1.00,10,0.07,693.72,5,2,2,4,3,84.54,24,22,1.00
"ManagedReloadingDetectorMBean",1,0.00,1.00,2,0.01,40.30,1,0,0,1,0,167.51,3,4,0.00
"MapConfiguration",15,0.07,1.27,52,0.66,20893.49,17,2,7,15,13,76.13,129,112,18.00
"MergeCombiner",4,0.00,4.00,60,0.77,39256.57,4,0,6,4,4,69.91,54,86,29.00
"MockInitialContextFactory",8,0.10,1.62,70,1.16,62171.73,17,9,9,8,1,54.93,74,113,24.00
"ModelTransaction",35,0.02,1.40,164,2.06,69924.01,50,15,11,35,15,70.36,294,278,18.00
"ModelTransaction$AddAttributeOperation",2,1.00,1.00,8,0.06,724.11,4,2,11,2,1,102.60,11,16,4.00
"ModelTransaction$AddAttributesOperation",2,0.00,1.00,6,0.06,761.65,3,1,11,2,1,114.78,10,14,4.00
"ModelTransaction$ChangeNodeNameOperation",2,0.00,1.00,6,0.05,566.51,3,1,11,2,1,115.79,10,14,4.00
"ModelTransaction$ChangeNodeValueOperation",2,0.00,1.00,6,0.05,566.51,3,1,11,2,1,115.79,10,14,4.00
"ModelTransaction$ChildrenUpdateOperation",8,0.10,1.38,38,0.47,15990.42,11,3,11,8,1,72.41,62,71,8.00
"ModelTransaction$ConfigurationNodeVisitorAdapter<ImmutableNode>",1,0.00,1.00,5,0.05,843.32,1,0,11,1,2,121.66,0,11,4.00
"ModelTransaction$Operation",1,0.00,1.00,2,0.01,77.08,1,0,11,1,1,107.12,12,5,3.00
"ModelTransaction$Operations",6,0.00,2.33,42,0.39,11290.91,9,3,11,6,2,63.15,54,77,7.00
"ModelTransaction$RemoveAttributeOperation",2,0.00,1.00,6,0.05,566.51,3,1,11,2,1,115.79,10,14,4.00
"MultiFileBuilderParameters",0,0.00,0.00,1,0.01,108.00,0,0,3,0,5,171.00,0,6,0.00
"MultiFileBuilderParametersImpl",8,0.10,1.12,29,0.29,6829.72,11,3,4,8,11,77.17,76,61,10.00
"MultiFileBuilderProperties",2,0.00,1.00,3,0.05,588.34,2,0,1,2,2,102.47,14,5,0.00
"MultiFileConfigurationBuilder",21,0.09,1.67,116,1.57,51474.89,27,6,21,25,20,73.21,235,245,17.00
"MultiFileConfigurationBuilder$EventListener<ConfigurationBuilderEvent>",1,0.00,1.00,3,0.02,175.66,1,0,21,1,1,135.30,0,8,1.00
"MultiFileConfigurationBuilderProvider",4,0.11,1.25,18,0.29,8607.30,7,3,13,4,13,104.81,58,50,13.00
"MultiFileConfigurationBuilderProvider$ReloadableWrapperBuilder",2,0.00,1.00,7,0.06,1077.39,3,1,13,2,4,86.68,14,16,2.00
"MultiFileConfigurationBuilderProvider$WrapperBuilder",4,0.17,1.00,12,0.17,3703.00,6,2,13,4,6,145.06,13,29,8.00
"MultiWrapDynaBean",12,0.36,1.42,47,0.54,13397.53,14,2,8,12,4,115.33,54,89,9.00
"MultiWrapDynaClass",6,0.07,1.33,28,0.24,5158.54,9,3,7,7,1,107.54,29,46,7.00
"NoOpSynchronizer",4,0.00,1.00,5,0.03,180.48,4,0,0,4,7,132.28,21,20,2.00
"NodeAddData",6,0.10,1.17,22,0.18,2995.22,10,4,4,6,13,100.54,79,41,8.00
"NodeCombiner",6,0.20,1.00,14,0.16,2686.27,8,2,3,6,12,96.21,70,27,5.00
"NodeCombiner$AbstractImmutableNodeHandler",2,0.00,1.00,5,0.03,295.40,2,0,3,2,1,138.84,0,13,2.00
"NodeHandler",15,0.00,1.00,16,3.55,88463.85,15,0,2,15,69,90.88,125,18,0.00
"NodeHandlerDecorator",16,0.00,1.00,32,0.45,8665.05,16,0,2,16,4,186.74,21,83,11.00
"NodeKeyResolver",5,0.00,1.00,6,0.73,17515.40,5,0,2,5,16,102.34,60,9,0.00
"NodeMatcher",1,0.00,1.00,2,0.03,361.22,1,0,0,1,9,90.92,10,4,0.00
"NodeModel",9,0.00,1.00,10,1.53,42569.50,9,0,1,9,12,90.59,86,13,0.00
"NodeModelSupport",1,0.00,1.00,2,0.02,179.36,1,0,0,1,1,123.92,5,4,0.00
"NodeNameMatchers",2,0.00,1.00,5,0.23,7497.45,2,0,1,2,6,86.70,23,22,10.00
"NodeSelector",8,0.29,1.75,44,0.57,20552.40,9,1,6,8,18,68.50,82,79,13.00
"NodeStructureHelper",28,0.00,1.50,162,2.44,106068.80,41,13,6,28,21,65.01,232,305,24.00
"NodeStructureHelper$IAnswer<List<QueryResult<ImmutableNode>>>",1,0.00,1.00,6,0.12,3886.32,1,0,8,1,4,113.48,0,14,60.00
"NodeStructureHelper$IAnswer<NodeAddData<ImmutableNode>>",1,0.00,1.00,6,0.10,3216.65,1,0,8,1,4,114.12,0,12,58.00
"NodeTracker",16,0.53,1.81,91,1.35,48140.65,17,1,6,16,8,84.02,205,186,24.00
"NodeTracker$TrackedNodeData",9,0.08,1.00,25,0.22,3560.79,12,3,6,9,2,87.74,68,50,13.00
"NodeTreeWalker",5,1.00,2.80,37,0.49,19108.02,6,1,2,6,12,129.56,91,66,11.00
"NodeUpdateData",7,0.12,1.29,26,0.34,9236.27,11,4,5,7,8,81.56,78,48,13.00
"NonCloneableConfiguration",6,0.00,1.00,11,0.09,836.38,6,0,1,6,3,150.96,22,31,4.00
"NonStringTestHolder",17,0.06,1.06,70,0.91,16643.32,18,1,3,17,2,164.41,6,108,16.00
"OverrideCombiner",3,0.00,3.33,33,0.45,24842.66,3,0,0,3,5,141.52,64,57,25.00
"Parameters",16,0.93,1.00,39,0.51,13400.49,17,1,16,16,34,86.17,166,94,13.00
"Parameters$ParametersIfcInvocationHandler",3,0.50,1.00,10,0.13,3909.75,4,1,16,3,0,77.41,29,22,8.00
"ParametersBeanTestImpl",7,0.17,1.00,20,0.11,1160.75,10,3,0,7,2,182.62,4,36,2.00
"PatternSubtreeConfigurationWrapper",63,0.04,1.06,146,1.97,40264.28,67,4,18,63,12,180.73,34,352,13.00
"PeriodicReloadingTrigger",10,0.06,1.40,39,0.35,5763.63,16,6,6,10,2,81.70,108,79,4.00
"PeriodicReloadingTrigger$Runnable",1,0.00,1.00,3,0.02,139.81,1,0,6,1,0,136.08,0,8,0.00
"PrefixedKeysIterator",5,0.38,1.80,27,0.22,4243.64,9,4,2,5,1,70.20,45,50,3.00
"PropertiesBuilderParameters",0,0.00,0.00,1,0.02,162.30,0,0,4,0,9,171.00,0,7,0.00
"PropertiesBuilderParametersImpl",5,0.12,1.00,20,0.19,2724.86,9,4,5,5,9,102.66,27,41,5.00
"PropertiesBuilderProperties",4,0.00,1.00,6,0.23,3175.99,4,0,4,4,4,91.85,34,10,0.00
"PropertiesConfiguration",31,0.03,2.13,207,2.36,126969.83,49,18,33,32,59,104.46,476,393,28.00
"PropertiesConfiguration$DefaultIOFactory",2,1.00,1.00,6,0.06,952.41,3,1,33,3,1,81.89,18,15,5.00
"PropertiesConfiguration$IOFactory",2,0.00,1.00,3,0.04,266.67,2,0,33,2,1,100.85,21,6,0.00
"PropertiesConfiguration$JupIOFactory",4,1.00,1.00,10,0.08,1014.43,5,1,33,4,1,90.38,42,22,5.00
"PropertiesConfiguration$JupPropertiesReader",4,0.00,3.00,37,0.41,29487.31,4,0,33,4,0,99.23,17,66,19.00
"PropertiesConfiguration$JupPropertiesWriter",1,2.00,3.00,24,0.19,5777.91,5,4,33,2,1,134.32,28,40,0.00
"PropertiesConfiguration$JupPropertiesWriter$ValueTransformer",1,0.00,3.00,11,0.13,4047.05,1,0,31,1,0,153.06,1,24,18.00
"PropertiesConfiguration$PropertiesReader",15,0.02,1.47,71,0.68,18922.59,23,8,33,16,0,71.22,140,123,8.00
"PropertiesConfiguration$PropertiesWriter",16,0.07,1.50,79,0.83,29433.39,25,9,33,21,1,70.42,159,144,15.00
"PropertiesConfiguration$PropertiesWriter$ValueTransformer",1,0.00,1.00,4,0.04,731.82,1,0,31,1,0,125.76,0,9,4.00
"PropertiesConfigurationLayout",37,0.03,1.89,198,2.50,106723.80,47,10,16,38,13,70.46,396,364,23.00
"PropertiesConfigurationLayout$PropertyLayoutData",11,0.05,1.45,38,0.30,6870.99,15,4,16,11,2,97.48,65,82,8.00
"PropertyConverter",27,0.12,4.26,265,4.43,309656.74,33,6,24,27,3,51.09,240,591,37.00
"PropertyListConfiguration",14,0.08,3.00,139,2.40,132499.10,24,10,23,17,14,51.93,130,267,33.00
"PropertyListConfiguration$DateComponentParser",4,0.00,1.25,9,0.15,4372.27,4,0,23,4,0,86.02,41,21,16.00
"PropertyListConfiguration$DateFieldParser",4,0.56,1.25,18,0.22,5340.62,7,3,23,4,0,96.17,22,39,7.00
"PropertyListConfiguration$DateSeparatorParser",3,0.00,1.33,11,0.14,4008.52,4,1,23,3,0,131.92,11,25,6.00
"PropertyListConfiguration$DateTimeZoneParser",2,0.00,1.50,17,0.23,7932.73,2,0,23,2,0,147.53,4,32,8.00
"ProvidedURLLocationStrategy",1,0.00,1.00,3,0.03,350.00,1,0,1,1,7,159.22,19,8,4.00
"QueryResult",10,0.33,1.40,35,0.42,11477.84,12,2,4,10,27,76.32,89,76,16.00
"RandomReloadingDetector",2,1.00,1.00,5,0.03,339.45,3,1,1,3,3,158.98,6,13,1.00
"ReadWriteSynchronizer",7,0.33,1.00,16,0.12,1320.50,8,1,2,7,7,114.93,38,36,4.00
"ReferenceNodeHandler",2,0.00,1.00,3,0.06,757.19,2,0,1,2,9,93.90,18,5,0.00
"ReferenceTracker",6,0.20,2.50,45,0.55,33270.29,8,2,6,6,5,70.74,72,82,27.00
"ReloadingBuilderSupportListener",3,0.25,1.33,15,0.17,3798.43,5,2,4,3,8,116.44,47,38,8.00
"ReloadingCombinedConfigurationBuilder",10,0.78,1.30,38,0.40,10190.29,11,1,14,10,18,75.47,88,79,10.00
"ReloadingController",7,0.11,1.71,33,0.30,6336.80,10,3,5,7,28,91.58,90,66,6.00
"ReloadingControllerSupport",1,0.00,1.00,2,0.01,40.30,1,0,0,1,7,129.03,5,4,0.00
"ReloadingDetector",2,0.00,1.00,3,0.02,140.48,2,0,0,2,11,107.37,14,5,0.00
"ReloadingDetectorFactory",1,0.00,1.00,2,0.02,121.26,1,0,3,1,9,113.75,13,6,0.00
"ReloadingEvent",3,0.00,1.00,11,0.08,1190.61,6,3,2,4,8,94.27,37,20,4.00
"ReloadingFileBasedConfigurationBuilder",10,0.15,1.10,33,0.44,10910.75,13,3,7,11,22,93.85,125,70,7.00
"ReloadingFileBasedConfigurationBuilder$ReloadingDetector",2,0.00,1.50,8,0.06,1454.27,2,0,7,2,0,125.66,0,18,2.00
"ReloadingMultiFileConfigurationBuilder",6,1.00,1.17,15,0.33,8299.86,7,1,12,6,10,96.17,74,38,10.00
"ReloadingMultiFileConfigurationBuilder$CombinedReloadingController",1,0.00,2.00,10,0.11,3851.30,1,0,12,1,2,105.00,0,17,9.00
"ServletConfiguration",4,0.67,1.00,11,0.11,1709.50,5,1,5,4,2,111.82,21,23,6.00
"ServletContextConfiguration",4,0.33,1.00,11,0.12,1824.50,5,1,5,4,2,107.88,22,23,6.00
"ServletFilterConfiguration",3,0.50,1.00,9,0.09,1535.15,4,1,4,3,2,113.77,15,19,6.00
"ServletRequestConfiguration",3,0.50,2.33,23,0.27,15124.33,4,1,6,3,2,90.44,15,44,11.00
"StrictConfigurationComparator",2,0.00,4.00,24,0.27,22421.83,2,0,1,2,8,47.94,18,37,92.00
"StringLookupAdapter",2,1.00,1.00,7,0.05,660.23,3,1,2,2,1,130.88,8,14,3.00
"SubnodeConfiguration",11,0.40,1.27,36,0.33,6581.51,13,2,6,11,13,110.36,155,76,13.00
"SubsetConfiguration",20,0.04,1.35,64,0.72,19961.52,23,3,2,20,6,127.49,81,145,13.00
"SubsetConfiguration$SubsetIterator",4,0.00,1.00,10,0.08,975.30,5,1,2,4,0,91.41,30,23,2.00
"Synchronizer",4,0.00,1.00,5,0.08,758.40,4,0,0,4,13,123.65,22,7,0.00
"SynchronizerSupport",4,0.00,1.00,5,0.13,1143.21,4,0,0,4,2,120.66,53,7,0.00
"SynchronizerTestImpl",11,0.50,1.09,30,0.29,4548.69,12,1,3,12,13,114.55,56,61,10.00
"SynchronizerTestImpl$Methods",0,0.00,0.00,1,0.01,19.65,0,0,3,0,0,171.00,3,4,0.00
"SystemConfiguration",5,1.00,1.40,23,0.31,7990.44,6,1,5,6,9,72.62,40,44,10.00
"SystemPropertiesLookup",1,0.00,1.00,3,0.03,448.00,1,0,1,1,1,181.37,24,8,6.00
"TestAbsoluteNameLocationStrategy",5,0.62,1.00,22,0.32,4560.68,7,2,8,5,5,127.66,19,45,18.00
"TestAbstractConfiguration",14,0.00,1.14,74,0.97,24483.14,14,0,15,14,10,159.29,27,123,11.00
"TestAbstractConfigurationBasicFeatures",72,0.08,1.21,466,6.51,177160.50,75,3,25,72,17,116.47,279,744,19.00
"TestAbstractConfigurationBasicFeatures$CollectingConfigurationListener",1,0.00,1.00,4,0.04,581.26,2,1,25,2,2,126.78,4,10,2.00
"TestAbstractConfigurationBasicFeatures$TestConfigurationImpl",1,0.00,1.00,6,0.09,2632.72,1,0,25,2,2,164.81,1,12,11.00
"TestAbstractConfigurationBasicFeatures$TestConfigurationImpl_0",8,0.00,1.00,18,0.15,1937.21,9,1,25,8,1,188.86,8,42,5.00
"TestAbstractConfigurationSynchronization",21,0.32,1.00,78,0.89,12351.84,24,3,12,21,8,139.46,72,148,16.00
"TestAbstractHierarchicalConfiguration",63,0.11,1.32,490,7.05,224880.30,64,1,30,63,19,136.91,168,758,21.00
"TestAbstractHierarchicalConfiguration$AbstractHierarchicalConfigurationTestImpl",12,0.00,1.00,25,0.33,4574.10,12,0,30,12,7,177.89,4,66,10.00
"TestAppletConfiguration",5,0.00,2.40,34,0.44,15294.30,6,1,10,5,6,132.56,15,78,7.00
"TestAppletConfiguration$Applet",2,1.00,1.00,6,0.07,1210.81,3,1,10,2,0,178.03,3,19,4.00
"TestAutoSaveListener",9,0.19,1.00,53,0.52,11207.82,11,2,6,9,5,113.61,38,86,13.00
"TestBaseConfiguration",61,0.01,1.07,358,5.12,132868.87,65,4,27,61,10,165.09,75,569,16.00
"TestBaseConfigurationBuilderProvider",15,0.00,1.13,64,1.18,32060.80,15,0,19,15,18,106.49,72,148,27.00
"TestBaseConfigurationBuilderProvider$CombinedConfigurationBuilder",1,0.00,2.00,4,0.04,675.53,1,0,19,1,3,165.68,2,13,4.00
"TestBaseConfigurationBuilderProvider$ConfigurationDeclaration",1,0.00,1.00,3,0.01,236.11,1,0,19,1,0,134.28,0,8,2.00
"TestBaseConfigurationXMLReader",8,0.05,1.12,58,0.80,18037.56,11,3,18,8,2,160.45,11,84,12.00
"TestBaseConfigurationXMLReader$TestContentHandler",1,0.00,1.00,3,0.04,656.29,1,0,18,1,0,180.79,1,9,5.00
"TestBaseHierarchicalConfigurationSynchronization",16,0.27,1.19,100,1.38,36285.42,19,3,22,16,14,114.85,64,174,21.00
"TestBaseHierarchicalConfigurationSynchronization$SubNodeAccessThread",3,0.70,1.67,21,0.19,2926.68,8,5,22,3,2,76.14,20,43,5.00
"TestBaseNullConfiguration",38,0.00,1.00,194,2.60,59559.70,39,1,15,38,4,157.78,12,332,13.00
"TestBasePathLocationStrategy",6,0.60,1.00,24,0.38,5142.71,9,3,8,6,5,122.22,25,55,30.00
"TestBasicBuilderParameters",35,0.21,1.00,234,4.06,113299.76,36,1,26,35,14,127.06,115,399,26.00
"TestBasicConfigurationBuilder",30,0.90,1.07,202,3.77,130102.90,31,1,39,30,28,122.19,104,391,30.00
"TestBasicConfigurationBuilder$AccessBuilderThread",2,1.25,1.50,15,0.12,2109.36,6,4,39,2,1,68.49,15,31,4.00
"TestBasicConfigurationBuilder$BasicConfigurationBuilder<PropertiesConfiguration>",1,0.00,1.00,3,0.05,894.07,1,0,39,1,3,129.73,0,12,12.00
"TestBasicConfigurationBuilder$BasicConfigurationBuilderInitFailImpl",2,0.00,1.00,5,0.05,636.24,2,0,39,2,3,146.51,7,14,4.00
"TestBasicConfigurationBuilder$DefaultBeanFactory",1,0.00,1.00,4,0.04,695.81,1,0,39,1,1,125.93,0,9,5.00
"TestBasicConfigurationBuilder$InitializableConfiguration",2,0.00,1.00,6,0.03,298.38,3,1,39,2,2,126.63,9,15,0.00
"TestBasicConfigurationBuilderEvents",11,0.00,1.00,67,1.00,31933.77,11,0,11,11,9,119.90,41,134,16.00
"TestBasicConfigurationBuilderEvents$EventListener<ConfigurationBuilderEvent>",1,0.00,1.00,3,0.02,199.89,1,0,12,1,1,134.85,0,8,2.00
"TestBeanHelper",33,0.09,1.00,190,2.53,55502.65,37,4,16,33,9,117.24,132,299,17.00
"TestBeanHelper$TestBeanFactory",3,0.17,1.67,20,0.23,10224.33,6,3,16,3,4,94.19,15,40,11.00
"TestBuilderConfigurationWrapperFactory",9,0.00,1.11,65,1.13,37332.65,9,0,18,9,12,110.46,36,142,24.00
"TestCatalogResolver",8,0.07,1.00,31,0.28,4023.60,14,6,9,8,5,163.03,18,56,7.00
"TestClasspathLocationStrategy",4,0.56,1.00,21,0.30,5041.96,7,3,9,4,8,119.73,16,40,21.00
"TestCombinedBeanDeclaration",16,0.80,1.31,124,1.79,57816.63,17,1,11,16,3,104.92,68,178,28.00
"TestCombinedBuilderParametersImpl",28,0.00,1.00,164,2.54,70239.83,28,0,22,28,13,128.60,94,330,24.00
"TestCombinedConfiguration",67,0.08,1.10,443,5.79,139958.02,76,9,39,68,26,118.68,253,711,18.00
"TestCombinedConfiguration$BaseHierarchicalConfiguration",1,0.00,1.00,3,0.02,192.42,1,0,39,1,2,134.98,0,7,2.00
"TestCombinedConfiguration$CombinedListener",2,1.00,1.50,10,0.09,1216.31,4,2,39,2,3,104.79,10,24,2.00
"TestCombinedConfiguration$ReadThread",3,0.75,3.00,32,0.26,6548.86,7,4,39,3,1,57.56,24,54,6.00
"TestCombinedConfiguration$WriteThread",3,0.60,1.67,25,0.21,3845.19,8,5,39,3,2,63.69,24,40,4.00
"TestCombinedConfigurationBuilder",65,0.04,1.09,486,8.26,236000.62,71,6,67,65,48,102.45,287,947,29.00
"TestCombinedConfigurationBuilder$BuilderProviderTestImpl",3,1.00,1.00,10,0.10,2149.34,4,1,67,3,5,173.72,5,22,11.00
"TestCombinedConfigurationBuilder$CombinedConfigurationTestImpl",0,0.00,0.00,1,0.00,8.00,0,0,67,0,1,171.00,4,4,0.00
"TestCombinedConfigurationBuilder$ConfigurationBuilderProvider",1,0.00,1.00,3,0.03,666.69,1,0,67,1,3,130.73,0,11,6.00
"TestCombinedConfigurationBuilder$ConstantConfigurationBuilder",2,0.00,1.00,7,0.05,601.91,3,1,67,2,3,177.92,3,16,0.00
"TestCombinedConfigurationBuilder$EntityResolverWithPropertiesTestImpl",6,0.13,1.00,19,0.12,1774.50,9,3,67,6,2,182.26,7,37,2.00
"TestCombinedConfigurationBuilder$FileSystemTestImpl",0,0.00,0.00,1,0.00,8.00,0,0,67,0,0,171.00,4,3,0.00
"TestCombinedConfigurationBuilder$ReadThread",3,0.50,1.67,16,0.12,1581.68,6,3,67,3,1,128.95,11,35,3.00
"TestCombinedConfigurationBuilder$TestLookup",2,0.00,1.00,8,0.07,990.97,3,1,67,3,0,157.81,5,15,3.00
"TestCombinedConfigurationBuilderVFS",2,0.00,1.00,14,0.27,6955.79,2,0,14,2,11,79.14,12,29,15.00
"TestCombinedLocationStrategy",14,0.10,1.29,71,0.86,19160.85,18,4,11,14,6,114.44,60,127,19.00
"TestCombinedReloadingController",12,0.18,1.33,77,0.84,18799.44,13,1,9,12,2,120.63,45,122,17.00
"TestCompositeConfiguration",57,0.13,1.21,455,5.73,157204.95,65,8,26,59,18,133.83,162,653,17.00
"TestCompositeConfigurationNonStringProperties",1,0.00,1.00,11,0.12,2486.08,2,1,2,3,5,87.31,5,16,12.00
"TestConfigurationAttributePointer",14,0.17,1.00,47,0.59,10084.55,18,4,15,14,5,140.41,48,99,11.00
"TestConfigurationConverter",7,0.00,1.00,56,0.82,19951.68,7,0,8,7,5,118.71,25,81,14.00
"TestConfigurationConverter$IAnswer<Object>",1,0.00,1.00,4,0.04,840.60,1,0,9,1,0,125.28,0,9,8.00
"TestConfigurationDeclaration",7,0.00,1.00,54,0.81,30066.02,7,0,8,7,4,88.89,36,85,9.00
"TestConfigurationDynaBean",45,0.00,1.24,275,4.12,129590.99,57,12,16,52,5,122.85,161,441,23.00
"TestConfigurationDynaBeanXMLConfig",1,0.00,1.00,3,0.02,153.30,1,0,2,1,3,91.63,11,9,3.00
"TestConfigurationEventTypes",22,0.00,1.00,58,0.77,15747.08,22,0,8,22,4,138.25,82,140,14.00
"TestConfigurationInterpolator",45,0.16,1.04,214,3.10,65455.45,49,4,14,45,4,130.20,159,404,17.00
"TestConfigurationInterpolator$IAnswer<Object>",1,0.00,2.00,5,0.04,614.92,1,0,15,1,0,122.51,0,12,6.00
"TestConfigurationIteratorAttributes",7,0.38,1.14,41,0.69,15366.05,11,4,11,7,4,118.85,27,83,14.00
"TestConfigurationLogger",16,0.60,1.00,91,1.18,27579.42,17,1,14,16,3,131.28,53,143,20.00
"TestConfigurationLogger$ConfigurationLogger",1,0.00,1.00,3,0.02,243.67,1,0,14,1,0,134.18,0,8,2.00
"TestConfigurationLookup",5,0.12,1.40,36,0.43,14018.09,7,2,5,5,3,104.16,22,52,18.00
"TestConfigurationMap",3,0.67,1.67,25,0.31,8416.47,6,3,5,8,2,116.01,11,48,4.00
"TestConfigurationNodeIteratorChildren",17,0.02,1.35,108,1.73,44985.27,20,3,17,17,5,110.60,71,199,22.00
"TestConfigurationNodePointer",9,0.12,1.22,49,0.78,23158.96,10,1,10,9,3,125.56,32,95,19.00
"TestConfigurationNodePointerFactory",10,0.11,1.30,56,0.88,25933.82,11,1,9,10,4,134.46,31,99,15.00
"TestConfigurationPropertiesFactoryBean",11,0.00,1.00,60,0.81,17686.70,12,1,14,11,6,154.57,3,118,14.00
"TestConfigurationPropertySource",2,0.67,1.00,10,0.07,1127.20,5,3,12,2,2,170.00,3,21,6.00
"TestConfigurationPropertySource$Config",1,0.00,1.00,8,0.07,1873.96,1,0,12,1,0,151.20,2,15,15.00
"TestConfigurationSet",4,0.56,2.00,31,0.45,14323.12,7,3,7,9,1,135.11,11,57,8.00
"TestConfigurationUtils",38,0.43,1.11,193,2.86,72868.62,40,2,28,38,21,133.74,124,350,17.00
"TestConfigurationUtils$ClassLoader",1,0.00,1.00,3,0.03,700.55,1,0,28,1,0,130.57,0,9,6.00
"TestConfigurationUtils$CloneableSynchronizer",3,0.50,1.00,8,0.05,417.20,4,1,28,3,0,120.13,15,18,3.00
"TestConfigurationUtils$NonCloneableSynchronizer",0,0.00,0.00,1,0.00,8.00,0,0,28,0,1,171.00,3,3,0.00
"TestConfigurationUtils$PropertiesConfiguration",1,0.00,1.00,3,0.04,570.81,1,0,28,1,2,181.27,1,10,6.00
"TestConfigurationUtils$XMLBuilderParametersImpl",1,0.00,1.00,3,0.01,145.30,1,0,28,1,1,135.95,0,8,3.00
"TestConfigurations",40,0.06,1.07,171,2.47,58382.40,45,5,19,40,13,116.30,173,354,19.00
"TestConstantLookup",11,0.03,1.00,30,0.30,4131.30,14,3,6,11,1,132.70,45,73,6.00
"TestConstructorArg",6,0.00,1.00,23,0.31,5364.58,6,0,4,6,2,132.65,22,43,9.00
"TestCopyObjectDefaultHandler",4,0.00,1.00,28,0.43,10506.95,4,0,6,4,5,98.66,19,52,14.00
"TestCopyObjectDefaultHandler$XMLBuilderParametersImpl",1,0.00,1.00,3,0.02,250.04,1,0,6,1,3,134.09,0,9,4.00
"TestDataConfiguration",62,0.04,2.06,1105,20.63,1313995.11,64,2,30,62,6,45.71,449,1622,36.00
"TestDatabaseBuilderParametersImpl",9,0.00,1.00,38,0.52,9108.51,10,1,8,9,2,139.79,29,76,8.00
"TestDatabaseConfiguration",42,0.11,1.02,200,2.80,55777.62,45,3,20,42,10,152.07,104,349,16.00
"TestDatabaseConfiguration$PotentialErrorDatabaseConfiguration",1,0.00,3.00,11,0.12,3929.48,2,1,20,1,1,60.87,7,24,18.00
"TestDatabaseConfigurationEvents",3,0.00,1.33,12,0.10,1710.81,4,1,5,3,4,171.47,5,30,4.00
"TestDefaultBeanFactory",14,0.03,1.07,105,1.92,64078.04,17,3,19,14,11,108.13,57,173,24.00
"TestDefaultBeanFactory$BeanCreationContext",5,0.75,1.00,12,0.09,1191.31,6,1,19,6,2,137.87,0,29,4.00
"TestDefaultConfigurationKey",36,0.13,1.06,257,3.56,77506.55,41,5,8,36,3,123.53,125,422,16.00
"TestDefaultConversionHandler",26,0.15,1.08,103,1.77,39819.71,29,3,15,26,3,130.52,95,205,19.00
"TestDefaultConversionHandler$ConfigurationInterpolator",1,0.00,2.00,5,0.03,617.14,1,0,15,1,0,122.49,0,12,2.00
"TestDefaultExpressionEngine",52,0.12,1.13,274,4.31,116157.21,58,6,10,52,8,115.81,213,503,17.00
"TestDefaultExpressionEngine$NodeMatcher<String>",1,0.00,1.00,3,0.06,1182.27,1,0,10,1,1,128.78,0,9,10.00
"TestDefaultExpressionEngineSymbols",9,0.00,1.11,49,0.70,16734.53,9,0,6,9,1,109.34,40,102,13.00
"TestDefaultFileSystem",4,0.00,1.00,12,0.12,1821.63,5,1,6,4,3,127.45,17,26,5.00
"TestDefaultListDelimiterHandler",15,0.50,1.07,45,0.52,9680.98,16,1,7,15,2,133.70,58,98,9.00
"TestDefaultListDelimiterHandler$ValueTransformer",1,0.00,1.00,3,0.03,439.71,1,0,7,1,0,132.16,0,8,4.00
"TestDefaultParametersManager",13,0.15,1.00,79,1.11,27029.31,17,4,15,13,8,117.16,51,141,17.00
"TestDefaultParametersManager$DefaultParametersHandler<XMLBuilderParameters>",1,0.00,1.00,3,0.04,567.62,1,0,15,1,1,131.28,0,13,6.00
"TestDefaultParametersManager$FileBasedDefaultsHandler",1,0.00,1.00,3,0.04,421.42,1,0,15,1,2,114.43,5,11,2.00
"TestDefaultReloadingDetectorFactory",3,0.00,1.00,17,0.22,4613.29,4,1,8,3,5,124.46,11,36,11.00
"TestDisabledListDelimiterHandler",15,0.29,1.07,65,0.91,18890.79,18,3,9,15,3,125.46,58,117,13.00
"TestDummyLookup",1,0.00,1.00,4,0.04,485.92,1,0,2,1,1,84.86,7,10,3.00
"TestDynamicCombinedConfiguration",16,0.04,1.75,224,3.38,132919.90,25,9,35,17,24,135.80,33,302,32.00
"TestDynamicCombinedConfiguration$ReaderThread",4,0.33,2.25,27,0.26,5160.44,8,4,35,4,3,115.05,0,56,18.00
"TestDynamicCombinedConfiguration$ReloadThread",2,1.00,3.50,34,0.33,10374.57,10,8,35,2,2,139.81,1,52,49.00
"TestDynamicCombinedConfiguration$ThreadLookup",3,0.50,1.67,12,0.12,3459.45,4,1,35,4,1,124.05,0,25,7.00
"TestEnvironmentConfiguration",6,0.00,1.17,25,0.28,5688.69,7,1,6,6,1,137.89,20,44,6.00
"TestEnvironmentLookup",3,0.00,1.33,12,0.12,2419.78,4,1,5,3,2,139.07,10,24,6.00
"TestEqualBehavior",11,0.00,1.27,118,1.70,67384.28,11,0,10,11,7,130.47,29,157,17.00
"TestEqualBehaviour",11,0.00,1.27,118,1.70,67384.28,11,0,10,11,7,128.64,30,157,17.00
"TestEqualsProperty",1,0.00,1.00,9,0.10,1870.80,2,1,3,3,3,91.54,5,14,11.00
"TestEvent",3,0.00,1.00,9,0.12,2283.44,3,0,2,3,1,124.13,13,21,5.00
"TestEventListenerList",35,0.27,1.06,188,2.65,73248.34,40,5,14,35,5,125.04,127,317,18.00
"TestEventListenerList$EventBase",2,0.00,1.00,8,0.06,971.37,4,2,14,2,2,147.77,6,15,0.00
"TestEventListenerList$EventListener<EventSub2>",1,0.00,1.00,2,0.01,83.05,1,0,14,1,0,144.43,0,7,1.00
"TestEventListenerList$EventSub1",1,1.00,1.00,4,0.04,719.23,2,1,14,1,1,146.43,3,9,0.00
"TestEventListenerList$EventSub2",1,1.00,1.00,4,0.04,719.23,2,1,14,1,1,146.43,3,9,0.00
"TestEventListenerList$ListenerTestImpl",3,0.00,1.00,12,0.13,2195.08,4,1,14,3,2,97.85,17,25,3.00
"TestEventListenerParameters",4,0.00,1.00,21,0.37,9094.54,4,0,7,4,4,112.89,17,45,11.00
"TestEventSource",20,0.21,1.00,127,2.02,54874.65,23,3,8,20,7,126.10,68,224,19.00
"TestEventSource$CountingEventSource",2,0.00,1.00,9,0.15,3922.15,4,2,8,2,4,141.09,6,23,8.00
"TestEventSource$EventListener<ConfigurationEvent>",1,0.00,1.00,3,0.03,295.56,1,0,8,1,1,133.52,0,8,2.00
"TestEventType",2,0.00,1.00,7,0.06,847.79,3,1,3,2,2,130.02,8,15,3.00
"TestExprLookup",7,0.22,1.00,65,1.09,29058.44,10,3,18,8,6,115.01,25,90,24.00
"TestExprLookup$Utility",3,0.50,1.00,8,0.04,514.85,4,1,18,3,0,137.28,0,16,2.00
"TestFileBasedBuilderParameters",24,0.00,1.00,150,2.40,57743.89,24,0,19,24,8,129.04,79,290,21.00
"TestFileBasedConfigurationBuilder",26,0.18,1.12,187,3.06,90083.82,28,2,30,27,16,104.51,113,374,27.00
"TestFileBasedConfigurationBuilder$PropertiesConfiguration",0,0.00,0.00,1,0.00,0.00,0,0,30,0,0,171.00,0,3,0.00
"TestFileExtensionConfigurationBuilderProvider",12,0.24,1.00,51,0.83,15644.50,15,3,13,12,9,116.65,52,145,17.00
"TestFileHandler",90,0.13,1.19,616,8.39,210843.49,93,3,35,91,12,123.09,316,1028,21.00
"TestFileHandler$FileBasedFileLocatorAwareTestImpl",4,0.00,1.00,12,0.14,2113.46,5,1,35,4,3,157.26,11,27,19.00
"TestFileHandler$FileBasedInputStreamSupportTestImpl",1,0.00,2.00,7,0.09,2590.80,1,0,35,1,2,112.37,4,16,9.00
"TestFileHandler$FileBasedTestImpl",4,0.67,1.00,11,0.09,1253.15,5,1,35,4,2,145.02,14,24,5.00
"TestFileHandler$FileHandlerListenerTestImpl",8,0.21,1.00,26,0.22,2830.38,10,2,35,8,2,171.49,16,51,4.00
"TestFileHandler$Thread",1,0.00,1.00,3,0.02,139.81,1,0,35,1,0,136.08,0,8,1.00
"TestFileHandler$Thread_0",1,0.00,1.00,3,0.02,139.81,1,0,35,1,0,136.08,0,8,1.00
"TestFileHandler$Thread_1",1,0.00,1.00,3,0.02,139.81,1,0,35,1,0,136.08,0,8,1.00
"TestFileHandler$Thread_2",1,0.00,1.00,3,0.02,139.81,1,0,35,1,0,136.08,0,8,1.00
"TestFileHandlerReloadingDetector",11,0.60,1.00,81,1.37,40786.98,12,1,10,11,2,114.16,42,126,21.00
"TestFileHandlerReloadingDetector$FileHandlerReloadingDetectorTestImpl",3,0.50,1.00,9,0.06,520.00,4,1,10,3,1,90.65,22,16,1.00
"TestFileLocator",10,0.59,1.00,71,1.33,39556.31,16,6,11,10,5,108.98,41,152,35.00
"TestFileLocatorUtils",39,0.10,1.00,184,2.97,73244.35,44,5,20,39,15,130.94,135,386,25.00
"TestFileSystemLocationStrategy",2,0.00,1.00,14,0.23,4681.84,3,1,6,2,5,112.95,8,31,14.00
"TestHierarchicalBuilderParametersImpl",4,0.33,1.00,26,0.39,9948.89,5,1,8,4,3,124.00,14,48,14.00
"TestHierarchicalConfiguration",44,0.07,1.16,225,3.22,87234.61,46,2,14,44,12,119.91,173,403,17.00
"TestHierarchicalConfigurationEvents",7,0.00,1.00,41,0.65,13964.70,7,0,12,7,10,119.21,27,83,13.00
"TestHierarchicalConfigurationXMLReader",2,0.50,1.00,21,0.36,8114.26,4,2,13,4,5,144.15,4,35,16.00
"TestHierarchicalXMLConfiguration",12,0.15,1.08,150,2.25,69760.70,21,9,11,15,3,113.91,40,195,15.00
"TestHomeDirectoryLocationStrategy",8,0.39,1.00,43,0.71,11971.45,12,4,12,9,4,113.94,34,83,28.00
"TestINIConfiguration",76,0.01,1.12,449,7.26,178285.26,85,9,35,78,15,120.63,285,858,21.00
"TestINIConfiguration$GlobalSectionTestThread",2,0.50,2.00,14,0.10,2539.89,4,2,35,2,1,68.86,15,25,2.00
"TestImmutableConfiguration",12,1.00,1.25,72,1.08,23624.35,13,1,14,12,11,114.36,49,140,18.00
"TestImmutableNode",45,0.02,1.18,270,3.80,95907.95,50,5,13,45,1,116.16,179,419,24.00
"TestInMemoryNodeModel",43,0.31,1.30,420,8.39,284853.54,44,1,27,43,9,106.22,167,763,40.00
"TestInMemoryNodeModel$IAnswer<NodeAddData<ImmutableNode>>",1,0.00,1.00,5,0.08,2217.06,1,0,28,1,2,118.35,0,11,9.00
"TestInMemoryNodeModel$IAnswer<NodeAddData<ImmutableNode>>_0",1,0.00,1.00,4,0.06,1730.65,1,0,28,1,2,122.81,0,11,12.00
"TestInMemoryNodeModel$Thread",1,0.00,2.00,5,0.05,651.39,1,0,27,1,0,172.31,1,16,5.00
"TestInMemoryNodeModelReferences",15,0.32,1.27,102,1.52,36100.09,17,2,14,15,8,113.26,60,169,16.00
"TestInMemoryNodeModelReferences$ConfigurationNodeVisitorAdapter<ImmutableNode>",1,0.00,1.00,3,0.03,504.56,1,0,14,1,2,131.69,0,9,5.00
"TestInMemoryNodeModelTrackedNodes",59,0.16,1.14,382,5.84,161183.03,65,6,23,59,12,114.65,233,649,22.00
"TestInMemoryNodeModelTrackedNodes$IAnswer<NodeUpdateData<ImmutableNode>>",1,0.00,1.00,8,0.19,6876.39,1,0,24,1,4,106.86,0,20,65.00
"TestInterpolatorSpecification",15,0.14,1.00,72,1.17,25798.37,18,3,10,15,3,113.73,65,150,29.00
"TestJNDIConfiguration",31,0.03,1.03,108,1.28,23434.83,35,4,19,31,9,173.91,49,198,14.00
"TestJNDIConfiguration$PotentialErrorJNDIConfiguration",4,0.67,1.25,12,0.08,1114.46,5,1,19,4,1,120.00,19,26,2.00
"TestJNDIEnvironmentValues",13,0.00,1.23,52,0.64,12867.89,14,1,9,13,2,158.88,3,99,10.00
"TestJSONConfiguration",11,0.05,1.00,52,0.82,23785.36,13,2,13,13,5,166.81,7,94,14.00
"TestJndiBuilderParametersImpl",5,0.00,1.00,29,0.41,9513.57,6,1,8,5,2,128.82,17,47,12.00
"TestManagedReloadingDetector",4,0.00,1.00,14,0.11,1238.74,5,1,4,4,1,141.15,14,30,4.00
"TestMapConfiguration",10,0.00,1.00,63,0.86,18189.21,13,3,11,11,8,142.03,27,99,16.00
"TestMapConfigurationEvents",1,0.00,1.00,3,0.03,350.00,1,0,3,1,3,133.17,4,8,5.00
"TestMergeCombiner",9,0.00,1.00,55,0.89,19447.60,9,0,9,9,10,113.26,37,112,8.00
"TestMultiFileBuilderParametersImpl",8,0.14,1.00,42,0.61,14405.84,9,1,13,8,4,128.56,28,86,12.00
"TestMultiFileConfigurationBuilder",18,0.00,1.11,156,2.68,84024.93,18,0,35,18,25,103.87,75,298,27.00
"TestMultiFileConfigurationBuilder$MultiFileConfigurationBuilder<XMLConfiguration>",1,0.00,1.00,5,0.08,2120.04,1,0,35,1,3,118.50,0,16,10.00
"TestMultiWrapDynaBean",14,0.02,1.14,74,0.98,21669.04,18,4,15,14,5,120.29,55,131,13.00
"TestMultiWrapDynaBean$WrappedBeanTestImpl",6,0.07,1.00,16,0.14,2009.85,9,3,15,7,0,185.00,6,31,3.00
"TestNodeAddData",5,0.50,1.00,22,0.37,7268.72,8,3,7,5,2,114.47,22,49,10.00
"TestNodeHandlerDecorator",1,0.00,1.00,4,0.07,2271.61,1,0,0,1,5,73.40,10,8,8.00
"TestNodeHandlerDecorator$NodeHandlerDecorator<ImmutableNode>",1,0.00,1.00,3,0.02,281.30,1,0,0,1,2,133.69,0,8,3.00
"TestNodeNameMatchers",9,0.12,1.00,30,0.43,7961.01,11,2,5,9,5,130.49,35,70,8.00
"TestNodeSelector",14,0.33,1.00,83,1.27,30853.81,18,4,12,14,8,118.67,54,146,22.00
"TestNodeTreeWalker",14,0.00,1.43,94,1.23,51340.91,14,0,5,14,6,106.49,60,149,19.00
"TestNodeTreeWalker$TestVisitor",6,0.10,1.00,15,0.17,2527.64,8,2,5,7,3,135.49,24,35,5.00
"TestNodeUpdateData",8,0.00,1.00,47,0.89,25078.61,8,0,7,8,2,114.79,32,86,16.00
"TestNonStringProperties",1,0.00,1.00,9,0.09,1798.95,2,1,2,3,4,91.67,5,14,10.00
"TestNullCompositeConfiguration",24,0.21,1.33,249,3.12,96740.10,31,7,14,26,10,146.31,45,324,19.00
"TestNullJNDIEnvironmentValues",13,0.00,1.23,52,0.64,12725.83,14,1,8,13,2,158.92,3,99,10.00
"TestOverrideCombiner",10,0.00,1.00,70,1.04,27425.44,10,0,10,10,11,97.65,48,123,9.00
"TestParameters",24,0.26,1.04,133,2.42,62288.23,26,2,23,24,17,113.14,100,279,35.00
"TestParameters$IAnswer<Object>",1,0.00,1.00,4,0.03,439.66,1,0,22,1,0,127.50,0,9,6.00
"TestPatternSubtreeConfiguration",4,0.33,1.00,24,0.34,7788.62,7,3,9,5,9,121.05,15,40,12.00
"TestPeriodicReloadingTrigger",13,0.28,1.08,73,0.94,20827.06,18,5,10,13,2,117.80,52,122,15.00
"TestPeriodicReloadingTrigger$IAnswer<ScheduledFuture<Void>>",1,0.00,1.00,4,0.04,696.63,1,0,11,1,0,125.92,0,10,8.00
"TestPropertiesBuilderParametersImpl",9,0.00,1.00,53,0.97,25557.12,10,1,12,9,8,128.58,30,111,17.00
"TestPropertiesConfiguration",93,0.03,1.26,653,9.19,246346.81,102,9,60,99,21,131.02,287,1013,20.00
"TestPropertiesConfiguration$DefaultFileSystem",1,0.00,3.00,7,0.09,2468.36,1,0,60,1,1,112.07,0,22,11.00
"TestPropertiesConfiguration$DummyLayout",1,0.00,1.00,4,0.03,323.77,2,1,60,1,3,110.67,5,10,3.00
"TestPropertiesConfiguration$MockHttpURLConnection",6,0.20,1.00,15,0.10,1026.84,8,2,60,6,0,188.34,6,34,3.00
"TestPropertiesConfiguration$MockHttpURLStreamHandler",3,0.50,1.00,12,0.08,1006.73,6,3,60,3,0,168.31,6,21,4.00
"TestPropertiesConfiguration$PropertiesConfiguration.IOFactory",2,0.00,1.00,5,0.06,794.59,2,0,60,2,1,135.46,0,15,6.00
"TestPropertiesConfiguration$PropertiesConfiguration.IOFactory_0",2,0.00,1.50,9,0.09,1921.12,2,0,60,2,1,122.80,0,24,7.00
"TestPropertiesConfiguration$PropertiesReaderTestImpl",4,0.17,1.00,13,0.09,999.76,6,2,60,4,0,176.57,7,27,2.00
"TestPropertiesConfiguration$PropertiesWriterTestImpl",1,0.00,1.00,3,0.03,282.16,1,0,60,1,1,115.80,5,8,0.00
"TestPropertiesConfigurationEvents",1,0.00,1.00,3,0.02,153.30,1,0,2,1,3,117.89,5,9,3.00
"TestPropertiesConfigurationLayout",42,0.36,1.05,292,4.25,94050.80,50,8,19,43,7,120.82,152,498,22.00
"TestPropertiesConfigurationLayout$LayoutTestConfiguration",1,0.00,3.00,9,0.11,2524.18,2,1,19,1,2,57.93,9,19,11.00
"TestPropertiesConfigurationLayout$PropertiesBuilder",5,0.12,1.40,19,0.18,3720.23,7,2,19,6,0,89.67,32,39,5.00
"TestPropertiesSequence",3,0.00,3.67,79,1.43,83671.95,3,0,9,3,7,127.10,5,94,74.00
"TestPropertyConverter",26,0.84,1.00,70,1.09,16545.74,27,1,10,26,3,149.29,83,159,16.00
"TestPropertyConverter$Object",1,0.00,1.00,3,0.01,99.66,1,0,10,1,0,137.23,0,8,1.00
"TestPropertyListConfiguration",27,0.03,1.22,181,2.99,115095.02,30,3,28,29,10,149.29,57,284,22.00
"TestPropertyListConfigurationEvents",1,0.00,2.00,8,0.08,1810.53,2,1,6,2,7,93.33,5,19,10.00
"TestPropertyListParser",4,0.00,1.00,29,0.48,13117.52,5,1,6,5,0,155.76,2,43,8.00
"TestProvidedURLLocationStrategy",3,0.00,1.00,15,0.22,3563.23,4,1,7,3,5,127.38,11,29,12.00
"TestQueryResult",10,0.31,1.00,50,0.70,18761.03,14,4,8,10,3,129.21,35,101,16.00
"TestReadWriteSynchronizer",4,1.00,2.25,67,0.67,35343.59,5,1,6,4,2,64.72,23,78,23.00
"TestReadWriteSynchronizer$Account",2,0.00,1.00,6,0.03,221.06,3,1,6,2,0,94.59,14,12,0.00
"TestReadWriteSynchronizer$ReaderThread",3,0.62,1.67,21,0.14,2577.95,7,4,6,3,1,69.36,23,31,2.00
"TestReadWriteSynchronizer$UpdateThread",2,1.60,2.00,29,0.26,9133.57,7,5,6,2,1,54.27,22,43,8.00
"TestReloadingBuilderSupportListener",2,0.00,1.00,24,0.39,11256.98,2,0,10,2,11,75.41,11,44,26.00
"TestReloadingCombinedConfigurationBuilder",6,0.00,1.00,40,0.68,16233.33,7,1,16,6,11,116.54,23,91,21.00
"TestReloadingCombinedConfigurationBuilderFileBased",12,0.08,1.42,107,1.74,67408.73,18,6,32,13,22,62.77,85,186,25.00
"TestReloadingCombinedConfigurationBuilderFileBased$ConstantConfigurationBuilder",2,0.00,1.00,7,0.05,601.91,3,1,32,2,3,177.92,3,16,0.00
"TestReloadingCombinedConfigurationBuilderFileBased$ReloadThread",2,0.75,2.50,22,0.21,7082.27,6,4,32,2,1,113.92,7,38,7.00
"TestReloadingCombinedConfigurationBuilderFileBased$ReloadingDetectorFactory",1,0.00,1.00,3,0.03,375.29,1,0,33,1,4,132.70,0,11,6.00
"TestReloadingCombinedConfigurationBuilderFileBased$ReloadingDetectorFactory_0",1,0.00,1.00,3,0.03,375.29,1,0,33,1,4,132.70,0,11,6.00
"TestReloadingController",12,0.45,1.00,69,1.00,24599.78,13,1,10,12,5,116.59,48,113,16.00
"TestReloadingController$IAnswer<Object>",1,0.00,1.00,4,0.04,486.22,1,0,11,1,1,127.15,0,9,8.00
"TestReloadingFileBasedConfigurationBuilder",9,0.00,1.00,81,1.28,37796.35,9,0,14,9,10,102.59,38,146,22.00
"TestReloadingFileBasedConfigurationBuilder$ReloadingFileBasedConfigurationBuilderTestImpl",3,0.25,1.00,11,0.07,841.89,5,2,14,3,5,85.75,22,23,3.00
"TestReloadingMultiFileConfigurationBuilder",6,0.00,1.50,68,1.06,37832.89,6,0,18,6,11,98.41,25,126,21.00
"TestReloadingMultiFileConfigurationBuilder$ReloadingMultiFileConfigurationBuilderTestImpl",3,0.00,1.00,11,0.17,4107.75,4,1,18,3,6,92.80,18,24,17.00
"TestReloadingMultiFileConfigurationBuilder$ReloadingMultiFileConfigurationBuilderTestImpl$ReloadingFileBasedConfigurationBuilder<XMLConfiguration>",1,0.00,1.00,3,0.01,99.66,1,0,18,1,1,137.23,0,9,1.00
"TestServletConfiguration",4,0.00,1.00,17,0.23,5690.79,4,0,8,4,4,172.50,4,32,7.00
"TestServletConfiguration$HttpServlet",1,1.00,1.00,4,0.01,111.27,2,1,8,1,0,152.81,3,8,1.00
"TestServletContextConfiguration",4,0.00,1.00,21,0.40,13015.48,4,0,12,4,4,156.13,8,34,8.00
"TestServletContextConfiguration$HttpServlet",1,1.00,1.00,4,0.01,111.27,2,1,12,1,0,152.81,3,9,1.00
"TestServletContextConfiguration$MockServletContext",2,0.00,1.00,5,0.04,657.75,2,0,12,2,0,136.10,0,13,4.00
"TestServletContextConfiguration$MockServletContext_0",1,0.00,1.00,3,0.02,396.00,1,0,12,1,0,132.52,0,8,5.00
"TestServletFilterConfiguration",4,0.00,1.00,16,0.18,3446.99,4,0,8,4,4,175.20,4,32,6.00
"TestServletFilterConfiguration$MockFilterConfig",5,0.50,1.00,12,0.10,1279.56,6,1,8,6,0,137.62,0,28,4.00
"TestServletRequestConfiguration",6,0.00,1.17,35,0.57,19227.33,6,0,13,6,7,148.48,14,53,15.00
"TestServletRequestConfiguration$MockHttpServletRequest",2,0.00,1.00,5,0.04,538.40,2,0,13,2,0,136.79,0,13,4.00
"TestServletRequestConfiguration$MockHttpServletRequest_0",2,0.00,1.00,5,0.05,754.03,2,0,13,2,1,135.64,0,13,5.00
"TestStrictConfigurationComparator",2,1.00,1.00,23,0.29,9546.35,4,2,3,4,4,52.72,17,43,4.00
"TestSubnodeConfiguration",32,0.10,1.06,181,2.30,45579.56,36,4,22,33,16,118.09,128,311,17.00
"TestSubnodeConfiguration$Lookup",1,0.00,1.00,3,0.02,345.20,1,0,23,1,0,132.99,0,6,2.00
"TestSubsetConfiguration",21,0.50,1.14,161,2.28,56336.16,23,2,19,21,11,156.88,33,250,22.00
"TestSubsetConfiguration$Lookup",1,0.00,1.00,3,0.02,345.20,1,0,20,1,0,132.99,0,6,2.00
"TestSubsetConfigurationEvents",1,0.00,1.00,3,0.04,548.24,1,0,4,1,4,131.64,4,8,9.00
"TestSystemConfiguration",5,1.00,1.80,46,0.71,28153.45,6,1,12,6,5,121.58,16,74,21.00
"TestSystemConfiguration$Thread",1,0.00,3.00,8,0.07,1536.32,1,0,12,1,0,111.53,0,20,5.00
"TestSystemPropertiesLookup",3,0.00,1.33,12,0.13,2553.24,4,1,5,3,2,132.05,11,22,6.00
"TestThreesomeConfiguration",4,0.00,1.00,18,0.22,4158.49,5,1,6,4,4,158.13,9,32,9.00
"TestTrackedNodeHandler",4,0.44,1.00,19,0.26,5248.28,7,3,5,4,3,136.42,13,35,10.00
"TestTrackedNodeModel",17,0.30,1.00,92,1.18,23109.96,22,5,8,17,9,129.64,59,159,19.00
"TestTreeData",1,0.00,1.00,4,0.04,1097.13,1,0,0,1,4,76.27,8,9,7.00
"TestUnionCombiner",6,0.00,1.00,36,0.53,10237.20,6,0,5,6,5,110.14,26,77,5.00
"TestVFSFileHandlerReloadingDetector",7,0.28,1.00,47,0.75,19106.61,10,3,17,8,5,90.47,37,80,12.00
"TestVFSFileHandlerReloadingDetector$VFSFileHandlerReloadingDetector",1,0.00,1.00,3,0.01,99.66,1,0,17,1,0,137.23,0,8,2.00
"TestVFSFileHandlerReloadingDetector$VFSFileHandlerReloadingDetector_0",1,0.00,1.00,3,0.01,99.66,1,0,17,1,0,137.23,0,8,1.00
"TestXMLBeanDeclaration",31,0.09,1.19,220,3.24,91845.44,42,11,12,31,6,105.69,134,347,23.00
"TestXMLBeanDeclaration$XMLBeanDeclaration",1,0.00,1.00,3,0.04,784.43,1,0,12,1,1,130.18,0,9,6.00
"TestXMLBeanDeclaration$XMLBeanDeclarationTestImpl",1,0.00,1.00,3,0.03,434.42,1,0,12,1,2,132.44,4,8,0.00
"TestXMLBuilderParametersImpl",9,0.00,1.00,55,0.90,23968.55,10,1,9,9,2,130.49,29,99,13.00
"TestXMLConfiguration",103,0.03,1.12,794,10.30,284395.04,119,16,40,106,15,128.57,322,1211,17.00
"TestXMLConfiguration$DefaultHandler",1,0.00,1.00,3,0.02,266.51,1,0,40,1,0,133.87,0,7,4.00
"TestXMLConfiguration$ReloadThread",2,0.00,1.50,10,0.06,1007.63,3,1,40,2,1,170.27,3,16,1.00
"TestXMLConfigurationEvents",1,0.00,1.00,3,0.02,153.30,1,0,2,1,3,136.00,4,9,3.00
"TestXMLConfiguration_605",11,0.00,1.00,52,0.58,12031.73,11,0,8,11,7,158.40,24,85,10.00
"TestXMLDocumentHelper",18,0.41,1.33,106,1.45,37748.44,20,2,31,18,3,103.61,84,191,19.00
"TestXMLListHandling",11,0.08,1.09,56,0.68,13298.35,16,5,15,11,6,95.20,60,93,14.00
"TestXMLPropertiesConfiguration",5,0.12,1.00,63,1.04,24263.66,7,2,18,6,4,86.18,24,82,29.00
"TestXMLPropertiesConfiguration$EntityResolver",1,0.00,1.00,3,0.04,619.35,1,0,19,1,0,130.99,0,9,8.00
"TestXMLPropertyListConfiguration",30,0.03,1.23,223,3.54,131481.84,32,2,30,31,7,125.33,97,347,21.00
"TestXMLPropertyListConfigurationEvents",1,0.00,2.00,8,0.08,1810.53,2,1,6,2,7,93.33,5,19,10.00
"TestXPathContextFactory",2,0.00,1.00,12,0.19,4996.71,3,1,8,2,4,115.22,8,24,14.00
"TestXPathExpressionEngine",40,0.13,1.07,185,2.83,65777.05,44,4,19,40,8,124.32,153,339,23.00
"TestXPathExpressionEngineInConfig",7,0.44,1.14,43,0.53,10429.82,10,3,9,7,4,116.58,28,76,7.00
"TestYAMLConfiguration",10,0.06,1.00,44,0.62,14397.57,12,2,12,12,5,168.76,6,82,9.00
"TrackedNodeHandler",4,0.00,1.00,12,0.09,1259.13,6,2,0,4,6,90.63,45,25,3.00
"TrackedNodeModel",16,0.13,1.25,47,0.54,8931.77,20,4,3,16,12,84.30,125,106,10.00
"TreeData",13,0.10,1.38,56,0.58,17752.31,19,6,3,13,13,76.40,98,105,11.00
"TreeUtils",3,0.00,3.00,28,0.39,19685.97,3,0,2,3,2,110.96,11,42,30.00
"UnionCombiner",2,0.00,3.50,28,0.39,22660.64,2,0,2,2,5,106.62,133,48,35.00
"VFSFileHandlerReloadingDetector",6,0.80,1.83,32,0.38,10400.36,7,1,9,7,5,68.18,52,67,25.00
"VFSFileSystem",10,1.00,4.30,140,2.35,140323.23,11,1,24,11,6,144.43,9,279,63.00
"VFSFileSystem$VFSURLStreamHandler",2,1.00,1.00,6,0.05,641.53,3,1,24,2,0,173.12,4,13,5.00
"ValueTransformer",1,0.00,1.00,2,0.01,68.50,1,0,0,1,7,96.98,8,4,0.00
"VerifiableOutputStream",1,0.00,1.00,2,0.01,68.00,1,0,2,1,1,145.35,4,4,1.00
"XMLBeanDeclaration",25,0.03,1.52,119,1.48,53458.69,37,12,13,25,14,87.01,317,213,14.00
"XMLBeanDeclaration$NodeData",9,0.50,1.11,28,0.32,7130.59,11,2,13,9,2,84.84,66,49,9.00
"XMLBuilderParameters",0,0.00,0.00,1,0.02,221.46,0,0,5,0,11,171.00,0,7,0.00
"XMLBuilderParametersImpl",8,0.07,1.00,30,0.27,3663.19,14,6,3,8,12,136.14,29,58,7.00
"XMLBuilderProperties",6,0.00,1.00,7,0.38,5247.72,6,0,2,6,3,105.69,40,9,0.00
"XMLConfiguration",37,0.02,2.00,274,3.92,172067.18,51,14,47,38,50,71.66,444,498,35.00
"XMLConfiguration$DefaultHandler",1,0.00,1.00,3,0.02,266.51,1,0,47,1,0,133.87,0,8,4.00
"XMLConfiguration$XMLBuilderVisitor",12,0.05,3.08,112,1.50,56892.24,16,4,47,12,6,66.54,79,214,21.00
"XMLDocumentHelper",18,0.15,1.28,75,0.84,23846.26,22,4,19,18,5,73.46,172,148,17.00
"XMLListReference",8,0.86,2.12,48,0.60,22782.55,9,1,9,8,7,70.15,88,93,12.00
"XMLPropertiesConfiguration",14,0.19,2.21,105,1.44,54742.06,18,4,20,14,12,64.27,104,181,26.00
"XMLPropertiesConfiguration$EntityResolver",1,0.00,1.00,3,0.04,619.35,1,0,21,1,0,130.99,0,8,9.00
"XMLPropertiesConfiguration$XMLPropertiesHandler",3,0.62,2.33,21,0.22,4254.34,7,4,20,4,0,91.01,16,40,5.00
"XMLPropertyListConfiguration",12,0.24,3.50,129,2.28,153486.43,15,3,41,12,14,49.75,114,259,28.00
"XMLPropertyListConfiguration$ArrayNodeBuilder",2,0.00,1.00,6,0.05,587.00,3,1,41,3,0,85.44,16,14,2.00
"XMLPropertyListConfiguration$EntityResolver",1,0.00,1.00,3,0.04,619.35,1,0,41,1,0,130.99,0,9,8.00
"XMLPropertyListConfiguration$PListNodeBuilder",12,0.07,1.50,54,0.54,15745.95,17,5,41,14,1,80.12,83,112,9.00
"XMLPropertyListConfiguration$XMLPropertyListHandler",9,0.08,3.11,67,0.93,46689.14,12,3,41,11,2,113.16,34,135,17.00
"XPathContextFactory",1,0.00,1.00,5,0.06,1524.64,1,0,2,1,6,128.76,17,11,13.00
"XPathExpressionEngine",16,0.02,2.69,135,2.03,103557.81,24,8,12,16,17,90.53,232,260,28.00
"YAMLConfiguration",8,0.00,1.50,36,0.49,12681.99,8,0,11,8,7,144.27,23,82,23.00
System overview for No System Name
Name, No. Packages, NOS, AVCC, HBUG, HEFF, MI, CCML, NLOC
"No System Name",19,45240,1.35,533.92,18279017.89,99.99,95320,135688
