GROUP,PACKAGE,CLASS,INSTRUCTION_MISSED,INSTRUCTION_COVERED,BRANCH_MISSED,BRANCH_COVERED,LINE_MISSED,LINE_COVERED,COMPLEXITY_MISSED,COMPLEXITY_COVERED,METHOD_MISSED,METHOD_COVERED
Apache Commons CLI,org.apache.commons.cli,PosixParser,0,334,0,52,0,69,0,33,0,7
Apache Commons CLI,org.apache.commons.cli,MissingArgumentException,0,22,0,0,0,6,0,3,0,3
Apache Commons CLI,org.apache.commons.cli,CommandLine,0,362,0,40,0,78,0,47,0,27
Apache Commons CLI,org.apache.commons.cli,HelpFormatter,46,902,9,113,11,201,13,90,4,38
Apache Commons CLI,org.apache.commons.cli,Option.Builder,5,92,0,6,2,30,1,17,1,14
Apache Commons CLI,org.apache.commons.cli,DefaultParser,22,930,14,162,4,203,14,100,0,26
Apache Commons CLI,org.apache.commons.cli,ParseException,0,4,0,0,0,2,0,1,0,1
Apache Commons CLI,org.apache.commons.cli,Options,26,273,0,22,6,57,2,27,2,16
Apache Commons CLI,org.apache.commons.cli,OptionValidator,3,84,0,16,1,13,1,11,1,3
Apache Commons CLI,org.apache.commons.cli,Option,37,525,10,72,9,120,12,77,2,46
Apache Commons CLI,org.apache.commons.cli,OptionBuilder,8,138,0,4,3,60,2,21,2,19
Apache Commons CLI,org.apache.commons.cli,Parser,9,389,5,71,2,104,4,47,0,13
Apache Commons CLI,org.apache.commons.cli,HelpFormatter.OptionComparator,0,6,0,0,0,1,0,1,0,1
Apache Commons CLI,org.apache.commons.cli,Util,3,59,0,14,1,11,1,9,1,2
Apache Commons CLI,org.apache.commons.cli,PatternOptionBuilder,5,163,1,43,2,49,2,29,1,4
Apache Commons CLI,org.apache.commons.cli,UnrecognizedOptionException,0,14,0,0,0,6,0,3,0,3
Apache Commons CLI,org.apache.commons.cli,AmbiguousOptionException,0,61,0,4,0,16,0,5,0,3
Apache Commons CLI,org.apache.commons.cli,CommandLine.Builder,0,23,0,0,0,7,0,4,0,4
Apache Commons CLI,org.apache.commons.cli,BasicParser,0,5,0,0,0,2,0,2,0,2
Apache Commons CLI,org.apache.commons.cli,GnuParser,0,145,0,20,0,28,0,12,0,2
Apache Commons CLI,org.apache.commons.cli,AlreadySelectedException,0,35,0,0,0,9,0,4,0,4
Apache Commons CLI,org.apache.commons.cli,MissingOptionException,0,56,0,6,0,15,0,7,0,4
Apache Commons CLI,org.apache.commons.cli,OptionGroup,0,130,1,13,0,35,1,15,0,9
Apache Commons CLI,org.apache.commons.cli,TypeHandler,9,186,0,20,3,42,1,20,1,10
